window_size,layer,subset,n_success,n_failure,success_mean,failure_mean,success_std,failure_std,mean_difference,cohen_d,hedges_g,mann_whitney_u,mann_whitney_p,permutation_p,bootstrap_ci_low,bootstrap_ci_high,n_judge_success,n_judge_failure,judge_success_mean,judge_failure_mean
500,0,all,19,22,0.0029080361051631995,0.00670900620672513,0.004023665981813088,0.0033338564867483596,-0.0038009701015619306,-1.0361429596376828,-1.0160885797737276,88.0,0.0016305036228348349,0.0025997400259974,-0.005866993830091811,-0.0014739802832268779,4,37,0.004712048894609325,0.00497304397209774
500,0,excl_censored,19,21,0.0029080361051631995,0.006718892634580177,0.004023665981813088,0.00341585585180616,-0.0038108565294169778,-1.0254771907626021,-1.0051034717408285,85.0,0.002017988592121406,0.0025997400259974,-0.006019422064276494,-0.001557357506952827,4,36,0.004712048894609325,0.00493058988182909
500,1,all,19,22,0.26195102680670584,0.24929828602583573,0.012946686881054225,0.018395879469621863,0.012652740780870114,0.7853220324274007,0.7701222511546123,312.0,0.0073667083681546825,0.015598440155984402,0.0030713979224126484,0.022049950291724747,4,37,0.2552878659516573,0.25514811724565317
500,1,excl_censored,19,21,0.26195102680670584,0.24967948012479715,0.012946686881054225,0.018760921192598198,0.01227154668190869,0.7543392839704802,0.7393524107790137,294.0,0.010899867838734936,0.025997400259974,0.002538336978967651,0.021470414659853842,4,36,0.2552878659516573,0.25553297578170897
500,2,all,19,22,0.3836027891094747,0.35420001751794056,0.031142106908734275,0.04123899029824346,0.02940277159153415,0.7963140950519375,0.7809015641799645,305.0,0.012532478993508352,0.015798420157984203,0.007110416350671439,0.05003666462212362,4,37,0.368177048355341,0.36778770770414454
500,2,excl_censored,19,21,0.3836027891094747,0.3547375313476438,0.031142106908734275,0.042178347040324214,0.02886525776183091,0.7726394642938083,0.7572890113608187,288.0,0.017154059840394496,0.019598040195980403,0.006434506155108878,0.05079484336202532,4,36,0.368177048355341,0.36847869327664373
500,3,all,19,22,0.4540773606112129,0.4140699434134771,0.05051258326109191,0.05623376051043058,0.04000741719773582,0.7454466477291003,0.7310186480956338,288.0,0.04013746459766851,0.024697530246975304,0.009627064886277004,0.07125153527880021,4,37,0.42932851577550174,0.43296471739479814
500,3,excl_censored,19,21,0.4540773606112129,0.415011009311747,0.05051258326109191,0.05744467021514533,0.039066351299465896,0.7198313298092632,0.705530045111066,271.0,0.054484881629885414,0.032396760323967606,0.006983313284073482,0.0716634129535906,4,36,0.42932851577550174,0.4340385273349368
500,4,all,19,22,0.5565251550964619,0.49422750871154386,0.06343165286675671,0.07412465383404925,0.06229764638491808,0.8977321763486208,0.8803567148709055,311.0,0.007962602843590134,0.0064993500649935,0.02135526287019904,0.10166131739459179,4,37,0.5157916428223253,0.5238869342485796
500,4,excl_censored,19,21,0.5565251550964619,0.49537218817500833,0.06343165286675671,0.07575565851807592,0.06115296692145361,0.8712709456937044,0.8539609269050878,294.0,0.010899867838734936,0.0093990600939906,0.018828264993126793,0.09960064551986211,4,36,0.5157916428223253,0.5253785368671848
500,5,all,19,22,0.956723073415066,0.8374380284690044,0.10022637080663363,0.11662931846565655,0.11928504494606162,1.090707263915695,1.0695968007431331,328.0,0.0019476215396976057,0.0012998700129987,0.051674529392100266,0.18048492973985425,4,37,0.8851391393393279,0.8935356341580284
500,5,excl_censored,19,21,0.956723073415066,0.8398672232606581,0.10022637080663363,0.11893781995057243,0.11685585015440791,1.0578034976429833,1.0367875341136525,310.0,0.002889679595292828,0.0018998100189981002,0.04970011818473872,0.18285801504442192,4,36,0.8851391393393279,0.8965109312778546
500,6,all,19,22,1.2812530423277304,1.0419427659863774,0.16835668252276992,0.19452139334550714,0.23931027634135305,1.3083424226860256,1.283019666117909,339.0,0.0007099870380201763,9.999000099990002e-05,0.13033482784641,0.34157309712530515,4,37,1.139013779655099,1.1543376631704534
500,6,excl_censored,19,21,1.2812530423277304,1.0463991797736714,0.16835668252276992,0.19817099631819146,0.23485386255405905,1.2718901801861173,1.2466208388579163,321.0,0.0010485701095385488,0.00039996000399960006,0.11829457586725096,0.34879901559132886,4,36,1.139013779655099,1.1600593183570433
500,7,all,19,22,1.51384439997924,1.169235829320821,0.251624076763638,0.25267729977633313,0.344608570658419,1.3664546110578912,1.3400071024567708,339.0,0.0007099870380201763,0.0006999300069993001,0.1881199272854438,0.4883785903805287,4,37,1.3151918462961911,1.3304179583642934
500,7,excl_censored,19,21,1.51384439997924,1.175641863930793,0.251624076763638,0.2570800411519217,0.33820253604844686,1.328836775843451,1.3024360451975545,321.0,0.0010485701095385488,0.00039996000399960006,0.17970298806198107,0.4829235477314739,4,36,1.3151918462961911,1.3386320932490958
500,8,all,19,22,2.101771573054163,1.685886110275984,0.3356915807365271,0.3089242613209741,0.41588546277817917,1.2933555354045247,1.2683228476225017,326.0,0.002320492605204538,0.0006999300069993001,0.21294675794912218,0.5966313343532846,4,37,1.8515832067728042,1.8815357158651225
500,8,excl_censored,19,21,2.101771573054163,1.6932990279396374,0.3356915807365271,0.3145417826758309,0.4084725451145257,1.2578763970880085,1.232885475291558,310.0,0.002889679595292828,0.00039996000399960006,0.20590131958814895,0.6034251121058577,4,36,1.8515832067728042,1.891294629101952
500,9,all,19,22,2.6079109967413703,2.043020017000762,0.4058767687613419,0.38488805038528623,0.5648909797406083,1.4311404782115211,1.4034409850848464,348.0,0.000293475164563048,0.00019998000199980003,0.3158802507475874,0.7968264501772709,4,37,2.298138646066189,2.305518776428055
500,9,excl_censored,19,21,2.6079109967413703,2.053752836199034,0.4058767687613419,0.39100483906516725,0.5541581605423365,1.3919420717662612,1.3642875935192493,331.0,0.00038816904837232226,0.00039996000399960006,0.297582699854523,0.7830613703768837,4,36,2.298138646066189,2.31907121983336
500,10,all,19,22,3.058745969119825,2.515369032686406,0.39265432254769517,0.392570245807742,0.5433769364334187,1.3840153014927579,1.3572279085606398,341.0,0.0005860668055800342,0.00029997000299970003,0.2911715674738133,0.7710615372063363,4,37,2.7681453470885753,2.767073263351982
500,10,excl_censored,19,21,3.058745969119825,2.5270289781547723,0.39265432254769517,0.3983420926840583,0.5317169909650525,1.3438800326340266,1.3171804293366618,323.0,0.0008643278263233195,9.999000099990002e-05,0.28398392349900625,0.7505647275535533,4,36,2.7681453470885753,2.7808666823936834
500,11,all,19,22,3.287368056065158,2.7379019367315554,0.3818816724266285,0.37854402828730876,0.5494661193336028,1.4456282332205803,1.41764833193244,352.0,0.0001948745382146378,9.999000099990002e-05,0.3203476281043584,0.7609139582528804,4,37,2.9987726556658743,2.991857974342398
500,11,excl_censored,19,21,3.287368056065158,2.7499226767846516,0.3818816724266285,0.3835654470852202,0.5374453792805065,1.4040992610806138,1.3762032492710652,334.0,0.00028424439189605354,9.999000099990002e-05,0.3038808378608903,0.7656356023864798,4,36,2.9987726556658743,3.0059244070847826
500,12,all,19,22,3.2073065202110693,2.646063502951102,0.38218995021098817,0.3368628360814618,0.5612430172599674,1.5655493771901392,1.5352484215025881,360.0,8.329215913250309e-05,0.00019998000199980003,0.327690912897186,0.7569192493542458,4,37,2.925794331878424,2.9040282059843476
500,12,excl_censored,19,21,3.2073065202110693,2.6568031636817118,0.38218995021098817,0.34130050927039274,0.5505033565293576,1.5238991327771552,1.4936229910663508,342.0,0.0001200994498923692,9.999000099990002e-05,0.3134236354790615,0.7686160935962411,4,36,2.925794331878424,2.9174586942725713
500,13,all,19,22,3.2517533304252124,2.5721628151861107,0.41792076287740343,0.41407417005813596,0.6795905152391017,1.6342048177013615,1.6025750470361737,362.0,6.69102858897933e-05,9.999000099990002e-05,0.41286643148712004,0.9171738589419207,4,37,2.9082476986944674,2.8848082274971785
500,13,excl_censored,19,21,3.2517533304252124,2.5849528723046893,0.41792076287740343,0.41982313271599425,0.6668004581205231,1.5917013856972932,1.5600781793589364,344.0,9.615654461282442e-05,9.999000099990002e-05,0.41085820403225265,0.9054535342625568,4,36,2.9082476986944674,2.9009536889361005
500,14,all,19,22,3.345337577920211,2.5560793599432166,0.5510392099964442,0.4552208221129046,0.7892582179769945,1.573093229163742,1.542646263437992,361.0,7.467752166289718e-05,0.00019998000199980003,0.49020607911357583,1.0831890912837956,4,37,2.927593708157539,2.92121040720553
500,14,excl_censored,19,21,3.345337577920211,2.568745791123027,0.5510392099964442,0.4624728833870877,0.7765917867971841,1.5336750618381083,1.503204696371126,343.0,0.00010750072954928752,9.999000099990002e-05,0.4672792480789849,1.0702991827613204,4,36,2.927593708157539,2.9387416878177057
500,15,all,19,22,3.122662446288686,2.2999240844791586,0.6337661562275488,0.421050515012827,0.8227383618095274,1.5524976700044726,1.522449328004386,361.0,7.467752166289718e-05,9.999000099990002e-05,0.49859936440063024,1.1443824243805552,4,37,2.631250062137842,2.6865923267425718
500,15,excl_censored,19,21,3.122662446288686,2.31188103337515,0.6337661562275488,0.4276039496084831,0.8107814129135362,1.5147674660027715,1.4846727481351667,343.0,0.00010750072954928752,9.999000099990002e-05,0.4932422372611324,1.1466829678535502,4,36,2.631250062137842,2.7043079981058837
500,16,all,19,22,3.2960225888741648,2.453701029051434,0.6597876091694359,0.4042014481594086,0.8423215598227309,1.5671539925290914,1.5368219797704636,362.0,6.69102858897933e-05,9.999000099990002e-05,0.501895750233396,1.1651166488190443,4,37,2.8037311533093456,2.8484034382298185
500,16,excl_censored,19,21,3.2960225888741648,2.4640187841937657,0.6597876091694359,0.4112038618309415,0.832003804680399,1.5313291655865424,1.5009054073298562,344.0,9.615654461282442e-05,9.999000099990002e-05,0.5154644624484883,1.1741504646351018,4,36,2.8037311533093456,2.8653860845400225
500,17,all,19,22,3.4204282173012426,2.6389270880601616,0.6595316506381795,0.39752804832075816,0.781501129241081,1.461699394608315,1.4334084385836379,341.0,0.0005860668055800342,9.999000099990002e-05,0.4510561928214277,1.1195652829801992,4,37,2.9745536758005624,3.0039545233201337
500,17,excl_censored,19,21,3.4204282173012426,2.648706975323813,0.6595316506381795,0.4046239606842926,0.7717212419774295,1.427614090524232,1.3992508966727573,324.0,0.000783917669656603,0.00039996000399960006,0.44133403334703525,1.1094263942498277,4,36,2.9745536758005624,3.019799108536707
500,18,all,19,22,3.546337525402245,2.6183004441803153,0.8368863074382915,0.4555411219844015,0.9280370812219298,1.407099111999015,1.3798649356377437,341.0,0.0005860668055800342,9.999000099990002e-05,0.5215791070732563,1.3322094028806717,4,37,2.916093349173665,3.062666198862565
500,18,excl_censored,19,21,3.546337525402245,2.628289683534985,0.8368863074382915,0.4643151604816567,0.91804784186726,1.3758625745829902,1.3485275565449175,324.0,0.000783917669656603,0.00029997000299970003,0.5072176236845012,1.3422358746044052,4,36,2.916093349173665,3.080836748338408
500,19,all,19,22,3.793320775515155,2.755656428060748,0.9833551593237085,0.5413060392757986,1.037664347454407,1.3350898720644513,1.3092494229277198,329.0,0.0017825908825435677,0.00029997000299970003,0.5435469524256064,1.51043009590893,4,37,3.119435466825962,3.249183629319474
500,19,excl_censored,19,21,3.793320775515155,2.7668637231190996,0.9833551593237085,0.5520519899248155,1.0264570523960552,1.305237083235436,1.2793052206545996,313.0,0.0022097656717117685,0.00029997000299970003,0.5586864542002213,1.5159345451149062,4,36,3.119435466825962,3.269430307027366
500,20,all,19,22,3.940408787796372,2.898621940905398,1.0330456570438509,0.5561159193550513,1.041786846890974,1.2832520690867888,1.258414932265754,325.0,0.002530482792477342,0.00039996000399960006,0.5174411071617487,1.5617907308379777,4,37,3.2288014898300172,3.3978984786143176
500,20,excl_censored,19,21,3.940408787796372,2.9094180917796635,1.0330456570438509,0.567481892015641,1.0309906960167083,1.254881573160295,1.2299501511769777,309.0,0.0031556734004143713,9.999000099990002e-05,0.5211444643010388,1.5588865199503064,4,36,3.2288014898300172,3.4180650260051095
500,21,all,19,22,3.6156971498272923,2.4217801652821627,1.1072940139417078,0.5912440084557434,1.1939169845451296,1.3748436531759447,1.3482337760177006,342.0,0.0005319567266736574,9.999000099990002e-05,0.6627349236101876,1.740988326519878,4,37,2.797473972573876,2.994257124125151
500,21,excl_censored,19,21,3.6156971498272923,2.4376918925841644,1.1072940139417078,0.6009986876800291,1.1780052572431279,1.3416871243436705,1.3150310887606838,325.0,0.0007104983619273451,9.999000099990002e-05,0.6342695618874227,1.6871914686494713,4,36,2.797473972573876,3.0194411027969585
500,22,all,19,22,4.663815759034533,3.1188462558469983,1.543014502492658,0.8132541792649265,1.5449695031875343,1.2808196038898376,1.2560295470403569,330.0,0.0016305036228348349,0.00029997000299970003,0.7775348675031913,2.313482060475148,4,37,3.460056519120932,3.8753213776704434
500,22,excl_censored,19,21,4.663815759034533,3.1344467977370534,1.543014502492658,0.8299575118876142,1.5293689612974792,1.2527676340598177,1.2278782108665762,314.0,0.002017988592121406,0.00019998000199980003,0.7747515522794762,2.309095399265047,4,36,3.460056519120932,3.905434891601404
500,23,all,19,22,5.672045301826377,4.053427352363413,1.6250219872050342,0.8435789001391504,1.6186179494629638,1.278844449513109,1.2540926214580166,329.0,0.0017825908825435677,0.00039996000399960006,0.8311665314366653,2.456593827486096,4,37,4.435078801572323,4.843349926497486
500,23,excl_censored,19,21,5.672045301826377,4.063307481107258,1.6250219872050342,0.8631058320922727,1.608737820719119,1.255090212147909,1.2301546450191427,313.0,0.0022097656717117685,0.00029997000299970003,0.8229478365325846,2.392316559162609,4,36,4.435078801572323,4.871055628657341
500,24,all,19,22,4.473764057793116,2.891810370829972,1.8971185820406067,0.8780093355304927,1.581953686963144,1.0978897214595484,1.0766402429796862,333.0,0.0012429900388831849,0.0006999300069993001,0.7137658684649182,2.451033168513218,4,37,3.0337654300034043,3.6888184739544587
500,24,excl_censored,19,21,4.473764057793116,2.9002453998894913,1.8971185820406067,0.8987779784355562,1.5735186579036249,1.0781632296805352,1.0567427681637034,317.0,0.0015305708692109107,0.000999900009999,0.6429899020065488,2.5393246759961947,4,36,3.0337654300034043,3.7158780215481926
500,25,all,19,22,6.669331091228284,4.395431963698432,2.4412930874503833,1.1607387682332602,2.2738991275298526,1.21960295064933,1.1959977322496655,331.0,0.0014904403708231285,0.0004999500049995,1.1214722112017457,3.4368398847211696,4,37,4.762014852941036,5.523479311430776
500,25,excl_censored,19,21,6.669331091228284,4.4066247281857915,2.4412930874503833,1.1881861349207723,2.2627063630424926,1.1981955122512777,1.1743903033986034,315.0,0.001841595484321759,0.00019998000199980003,1.1403504974884422,3.3979093761194394,4,36,4.762014852941036,5.561343072596523
500,26,all,19,22,7.8003397051033225,5.332978582441806,2.8700692331891995,1.4592608049881832,2.467361122661517,1.1091697737021446,1.08770197163049,331.0,0.0014904403708231285,0.000999900009999,0.9910920861980277,3.8705834756211708,4,37,5.561709816128016,6.575274160707319
500,26,excl_censored,19,21,7.8003397051033225,5.335891932867821,2.8700692331891995,1.4952318007640886,2.464447772235501,1.093575657160294,1.07184898847499,315.0,0.001841595484321759,0.0014998500149985001,1.0470658463020148,3.883029915203426,4,36,5.561709816128016,6.61148182562987
500,27,all,19,22,9.554876479261798,6.62446013697711,3.169685927961193,1.730056290701483,2.9304163422846887,1.1722883409382865,1.1495988891781905,331.0,0.0014904403708231285,0.0004999500049995,1.3147875189681657,4.476188728721232,4,37,7.0347942616343495,8.084908083052248
500,27,excl_censored,19,21,9.554876479261798,6.633791037059966,3.169685927961193,1.7722128229588379,2.921085442201832,1.153572031306546,1.1306533816779392,315.0,0.001841595484321759,0.0012998700129987,1.2705346003486688,4.414871182746604,4,36,7.0347942616343495,8.130919106602668
500,28,all,19,22,10.899632212369063,7.656036976727572,3.5877369301568613,1.9401725746554512,3.243595235641491,1.1491010666751356,1.12686040086852,331.0,0.0014904403708231285,0.000999900009999,1.3517594296921227,5.054157206666211,4,37,8.135559259533883,9.269826715807655
500,28,excl_censored,19,21,10.899632212369063,7.666864661858194,3.5877369301568613,1.9874040567884708,3.232767550510869,1.1305854712988586,1.108123508292921,315.0,0.001841595484321759,0.0008999100089991,1.4564448954451437,4.9964685530972455,4,36,8.135559259533883,9.320970358219412
500,29,all,19,22,13.857252734284653,10.104181627143513,4.29873769476345,2.3256951983162293,3.7530711071411407,1.1095557614572689,1.08808048865487,331.0,0.0014904403708231285,0.0007999200079992001,1.8007397642217162,5.720793639016451,4,37,10.547142782986164,11.983546665314083
500,29,excl_censored,19,21,13.857252734284653,10.102230890274047,4.29873769476345,2.383109976290983,3.7550218440106065,1.095809744773695,1.0740386902417673,315.0,0.001841595484321759,0.0005999400059994001,1.6595593854026076,5.925096265060351,4,36,10.547142782986164,12.034613319867187
500,30,all,19,22,16.46838268989011,12.650221854665062,4.518878788674435,2.484853059772289,3.818160835225047,1.0693213141137756,1.048624772550283,328.0,0.0019476215396976057,0.001999800019998,1.6488898693458154,5.995654004385521,4,37,13.043170230507851,14.568418134824647
500,30,excl_censored,19,21,16.46838268989011,12.627645207041784,4.518878788674435,2.5439035514694877,3.8407374828483256,1.062015822257083,1.0409161701592602,312.0,0.0024181155429086843,0.001999800019998,1.6167672839345237,6.017814921720409,4,36,13.043170230507851,14.608531653715504
500,31,all,19,22,20.530711229926663,15.749115998593243,5.412009018820454,2.997540157839585,4.781595231333419,1.1160321529418027,1.0944315306268,329.0,0.0017825908825435677,0.0007999200079992001,2.216214944519651,7.539758373109885,4,37,16.342674615859984,18.140361266870755
500,31,excl_censored,19,21,20.530711229926663,15.744991615408944,5.412009018820454,3.0715006762749333,4.785719614517719,1.1025874027012088,1.0806816927137677,313.0,0.0022097656717117685,0.000999900009999,2.0848081532698353,7.47487811149102,4,36,16.342674615859984,18.204378856354293
500,32,all,19,22,23.799821850136706,17.90390433426337,6.531120049708564,3.5588743238083866,5.895917515873336,1.1451708999306784,1.123006301867504,330.0,0.0016305036228348349,0.0008999100089991,2.622589630468524,9.038475660859937,4,37,18.5853479719162,20.8578680707764
500,32,excl_censored,19,21,23.799821850136706,17.89246082367216,6.531120049708564,3.646346217709625,5.907361026464546,1.1326210306684912,1.1101186260856735,314.0,0.002017988592121406,0.0014998500149985001,2.8536392383185554,9.12898839407494,4,36,18.5853479719162,20.933247237834667
500,33,all,19,22,29.359985147990677,22.713757077585566,7.167218237106722,4.014558266995221,6.646228070405112,1.1678577766684686,1.1452540777652078,331.0,0.0014904403708231285,0.0011998800119988001,3.0537817066993407,10.02602091192495,4,37,23.89964756190777,25.998480628947956
500,33,excl_censored,19,21,29.359985147990677,22.70523945760727,7.167218237106722,4.113494388171385,6.6547456903834075,1.154280708958325,1.1313479796412722,315.0,0.001841595484321759,0.0012998700129987,2.95719109668906,10.356707557714184,4,36,23.89964756190777,26.084754338165126
500,34,all,19,22,34.550183702719835,27.729621436010703,8.248591399502567,4.613742318415056,6.820562266709132,1.0417655143119338,1.0216023108091221,329.0,0.0017825908825435677,0.0010998900109989002,2.4996315021673494,10.957063056100722,4,37,28.540811209201816,31.144376138029866
500,34,excl_censored,19,21,34.550183702719835,27.696104086489907,8.248591399502567,4.724933677414325,6.854079616229928,1.0335366128803984,1.013002772889397,313.0,0.0022097656717117685,0.0017998200179982,2.7250354932270646,10.933028690325017,4,36,28.540811209201816,31.219678648087715
500,35,all,19,22,39.183988721998105,32.28681498297778,8.567109207851422,4.715035379649278,6.8971737390203245,1.0186435429435823,0.9989278614672549,332.0,0.0013615386422443356,0.0025997400259974,2.8024148818781995,11.205089059921315,4,37,33.35574374508858,35.71304703684111
500,35,excl_censored,19,21,39.183988721998105,32.2559357234864,8.567109207851422,4.829193519699746,6.928052998511703,1.010125361109252,0.9900566453256244,316.0,0.0016794712381882463,0.0033996600339966003,2.664783282768046,11.330377129616116,4,36,33.35574374508858,35.79020724807846
500,36,all,19,22,46.62042098431838,39.422523318247364,9.477902283945028,5.694301066732893,7.1978976660710146,0.937722881726293,0.9195734065961066,329.0,0.0017825908825435677,0.004399560043995601,2.3561971034261626,11.747885094808609,4,37,40.676358866214755,42.98319124969276
500,36,excl_censored,19,21,46.62042098431838,39.386537975175045,9.477902283945028,5.8323584117374665,7.233883009143334,0.9303714266889948,0.9118872261587498,313.0,0.0022097656717117685,0.0045995400459954,2.448675366666151,11.880766878274796,4,36,40.676358866214755,43.06110724210739
500,37,all,19,22,54.55452746044961,46.64951414975253,10.189432838184372,6.5998205329824975,7.905013310697086,0.9356970054588358,0.9175867408370518,336.0,0.0009421334173269092,0.0059994000599940004,2.821101441778854,12.972548689832404,4,37,48.395499363422395,50.52009015106511
500,37,excl_censored,19,21,54.55452746044961,46.60167108853658,10.189432838184372,6.758893228884134,7.952856371913036,0.9293895395027743,0.9109248466649708,320.0,0.0011537424302101517,0.0045995400459954,2.6895195285155267,12.863447574807159,4,36,48.395499363422395,50.5996976987256
500,38,all,19,22,62.12035342974412,53.507775351090864,11.272478991279687,7.10835258318274,8.612578078653257,0.9295027545362998,0.9115123786420488,334.0,0.001134037511943275,0.0052994700529947,2.3573170571725406,13.98892382249068,4,37,55.27325685739517,57.73958771512315
500,38,excl_censored,19,21,62.12035342974412,53.44365405763899,11.272478991279687,7.277371344713333,8.676699372105134,0.9246018923937329,0.9062323183726654,318.0,0.001393916027072069,0.0072992700729927005,2.8543500321534068,14.548509626964945,4,36,55.27325685739517,57.81973397072156
500,39,all,19,22,86.59417027578856,77.19255333185195,12.362390698049603,8.416478657052643,9.401616943936602,0.9018389017061333,0.8843839552214985,334.0,0.001134037511943275,0.006099390060993901,3.0774916603801334,15.773257473644163,4,37,79.89865659761429,81.7278589770343
500,39,excl_censored,19,21,86.59417027578856,77.09325518848782,12.362390698049603,8.611109094210121,9.50091508730074,0.9000877504005673,0.8822052123131389,318.0,0.001393916027072069,0.007399260073992601,2.377365699355768,15.880818328159487,4,36,79.89865659761429,81.79591577243806
1000,0,all,19,22,0.003245760424197406,0.0069912410918517385,0.003988671838609233,0.003327875236027817,-0.0037454806676543327,-1.0267883236383188,-1.0069150012453192,106.0,0.0073667083681546825,0.0018998100189981002,-0.0058950236847404155,-0.001437136070467868,4,37,0.004878198634192813,0.005296323176857235
1000,0,excl_censored,19,21,0.003245760424197406,0.006980722427512298,0.003988671838609233,0.0034096825994185203,-0.0037349620033148923,-1.0107422845140857,-0.9906613119740707,102.0,0.008610472967426036,0.0033996600339966003,-0.0058272220016768305,-0.0013733849696501807,4,36,0.004878198634192813,0.005243106236131604
1000,1,all,19,22,0.26270982833343903,0.25005875636281616,0.012654238011277425,0.0214028692700488,0.012651071970622874,0.7065917958898309,0.6929158256468019,307.0,0.010800936202851176,0.029797020297970205,0.001813700538713227,0.022576070741396743,4,37,0.2567322663506493,0.2558337922409378
1000,1,excl_censored,19,21,0.26270982833343903,0.2506920815308889,0.012654238011277425,0.021719151131838872,0.012017746802550133,0.6675234173830205,0.6542613627330267,288.0,0.017154059840394496,0.043495650434956505,0.0008629438698388115,0.022258813014598318,4,36,0.2567322663506493,0.25636364958559477
1000,2,all,19,22,0.3858437717019727,0.3556114146355539,0.032132121572289105,0.0462577457834745,0.030232357066418802,0.7491167078854476,0.7346176748296002,303.0,0.014505442479429857,0.021097890210978902,0.006512325372162379,0.05396798782425565,4,37,0.3712914678612724,0.3694409976452589
1000,2,excl_censored,19,21,0.3858437717019727,0.35651968397182365,0.032132121572289105,0.04719863958412869,0.02932408773014905,0.7193964977497123,0.7051038520990557,285.0,0.021327445140799244,0.030796920307969204,0.004145610320455126,0.05439466500590371,4,36,0.3712914678612724,0.3703549765083525
1000,3,all,19,22,0.45456980975717304,0.41178166765939783,0.05093464736936998,0.06311158642139277,0.042788142097775206,0.7401377042475641,0.7258124583589015,297.0,0.02215904454739236,0.0217978202179782,0.00860486106983726,0.07574771838999618,4,37,0.4298213434908539,0.4318037216197196
1000,3,excl_censored,19,21,0.45456980975717304,0.41318023453315805,0.05093464736936998,0.06431984611935423,0.041389575224014985,0.7091698951364175,0.6950804270211244,279.0,0.03238441736663917,0.029997000299970003,0.008598756121405928,0.07503311615936854,4,36,0.4298213434908539,0.4331757204616442
1000,4,all,19,22,0.5588222435497139,0.49007814581759956,0.06676602240559175,0.08463717104428943,0.06874409773211432,0.8938633474962089,0.8765627665769273,315.0,0.005811549664936521,0.0066993300669933005,0.02116093287109768,0.11354169512681712,4,37,0.5194216936640441,0.522206893534475
1000,4,excl_censored,19,21,0.5588222435497139,0.4918994095971187,0.06676602240559175,0.08628441642595915,0.06692283395259518,0.86182076633841,0.8446984994575144,297.0,0.008610472967426036,0.010998900109989001,0.018419767503694173,0.11126317958421758,4,36,0.5194216936640441,0.524161762620219
1000,5,all,19,22,0.9640805172771216,0.8331643599000845,0.10551358697730212,0.12713881803559254,0.1309161573770371,1.1127321147901352,1.091195364181294,331.0,0.0014904403708231285,0.0016998300169983002,0.059472425749484754,0.19644483912557356,4,37,0.8911169244386256,0.8941264337381799
1000,5,excl_censored,19,21,0.9640805172771216,0.8366734462522325,0.10551358697730212,0.1291822233658411,0.12740707102488913,1.0746099325970226,1.0532600663864857,313.0,0.0022097656717117685,0.001999800019998,0.05580901668503613,0.19458301773599024,4,36,0.8911169244386256,0.8978667917168802
1000,6,all,19,22,1.2849225755090776,1.0276378907845778,0.18042394367788636,0.20717927553843793,0.25728468472449983,1.3174717186468246,1.2919722660278536,339.0,0.0007099870380201763,0.00029997000299970003,0.13671521527678046,0.3645877407059463,4,37,1.1340749177336693,1.1482503475945545
1000,6,excl_censored,19,21,1.2849225755090776,1.0331739972730478,0.18042394367788636,0.21062154459971522,0.2517485782360298,1.2785892588561183,1.2531868232497054,321.0,0.0010485701095385488,0.00029997000299970003,0.1257759580829956,0.36739327772777064,4,36,1.1340749177336693,1.1548300890686614
1000,7,all,19,22,1.5127120344748621,1.1436082982190632,0.2707405849614185,0.2686314836902813,0.36910373625579895,1.3690437704653,1.3425461491014554,341.0,0.0005860668055800342,0.00029997000299970003,0.20613543444343246,0.5297080081141881,4,37,1.3040123395621777,1.315807077232245
1000,7,excl_censored,19,21,1.5127120344748621,1.1501207056457088,0.2707405849614185,0.2734800051645282,0.36259132882915335,1.332146275221857,1.3056797929326809,324.0,0.000783917669656603,0.0005999400059994001,0.1942378012787149,0.5139785995347966,4,36,1.3040123395621777,1.324389280981488
1000,8,all,19,22,2.1071506995778337,1.6763210231079297,0.347676222931766,0.32219945545639606,0.430829676469904,1.289139652129419,1.2641885620882043,326.0,0.002320492605204538,0.0004999500049995,0.2197503686600642,0.6184614970139202,4,37,1.8540720764547587,1.878341553906331
1000,8,excl_censored,19,21,2.1071506995778337,1.6836958971520264,0.347676222931766,0.32824797490567503,0.42345480242580735,1.2543455404890533,1.2294247681614563,310.0,0.002889679595292828,0.00029997000299970003,0.2065161161003234,0.6156554083696155,4,36,1.8540720764547587,1.888255245176454
1000,9,all,19,22,2.5827043691904925,2.012668405554511,0.41905444906324774,0.3905012730272879,0.5700359636359815,1.411222726392438,1.383908738139681,350.0,0.00023945583903370752,0.00029997000299970003,0.316726002413359,0.8064677897424894,4,37,2.264501506537199,2.2781643759640486
1000,9,excl_censored,19,21,2.5827043691904925,2.0224605077561875,0.41905444906324774,0.39736740784069147,0.560243861434305,1.37387401489776,1.3465785046680032,333.0,0.00031557506851314537,0.00029997000299970003,0.2963951796125257,0.7964528373171136,4,36,2.264501506537199,2.291251323648625
1000,10,all,19,22,3.0280431233362153,2.487619005417282,0.4006004933592605,0.39309793676689664,0.5404241179189331,1.36271734525109,1.3363421708268752,336.0,0.0009421334173269092,0.00029997000299970003,0.29818207996527635,0.7671423240690848,4,37,2.741525697931647,2.7376847208335597
1000,10,excl_censored,19,21,3.0280431233362153,2.498498823798838,0.4006004933592605,0.3993969578448853,0.5295442995373771,1.3239683045417356,1.2976642984912377,319.0,0.0012685916016233966,0.00039996000399960006,0.2775258899728943,0.7607851374628545,4,36,2.741525697931647,2.7509775514288086
1000,11,all,19,22,3.2582765797251145,2.7009064120569017,0.3912729576013225,0.382511463861131,0.5573701676682128,1.4417980853346148,1.4138923159410415,350.0,0.00023945583903370752,0.00019998000199980003,0.31616412165328606,0.7818078775742658,4,37,2.9733125882446765,2.957674208839198
1000,11,excl_censored,19,21,3.2582765797251145,2.712619672596455,0.3912729576013225,0.38789359374762344,0.5456569071286594,1.4009235149967543,1.3730905974802625,332.0,0.0003501162650486686,0.00019998000199980003,0.29402728613116064,0.7597963168792478,4,36,2.9733125882446765,2.971639382953445
1000,12,all,19,22,3.213975326930222,2.6365481101951813,0.3891672190479632,0.34769312317272094,0.5774272167350407,1.5715845572098266,1.5411667915864105,358.0,0.00010341529559565133,9.999000099990002e-05,0.35841226066962023,0.7875054501380645,4,37,2.9417440363764764,2.9000706348773595
1000,12,excl_censored,19,21,3.213975326930222,2.647916271382854,0.3891672190479632,0.3520649126875004,0.5660590555473681,1.529460994137438,1.4990743518698069,340.0,0.00014958637195212722,0.00019998000199980003,0.33641300103862687,0.7858340605038715,4,36,2.9417440363764764,2.9140221323668962
1000,13,all,19,22,3.2551501546408006,2.543860526843504,0.4416609445467261,0.4363191854148989,0.7112896277972967,1.6210152050873745,1.5896407172469735,361.0,7.467752166289718e-05,9.999000099990002e-05,0.45668910377003863,0.9590761688999511,4,37,2.916685133188963,2.8688119998912556
1000,13,excl_censored,19,21,3.2551501546408006,2.5579438238087158,0.4416609445467261,0.4419406254073035,0.6972063308320848,1.5780747908233557,1.5467223115354745,343.0,0.00010750072954928752,9.999000099990002e-05,0.4089880287649157,0.9608895557093771,4,36,2.916685133188963,2.886053686261177
1000,14,all,19,22,3.3484823778020707,2.511790303842588,0.5757295970895904,0.48650873934045513,0.8366920739594828,1.5799795720309702,1.5493993222497255,362.0,6.69102858897933e-05,9.999000099990002e-05,0.4994289627622154,1.1491485088374336,4,37,2.9186846708059306,2.897454410258177
1000,14,excl_censored,19,21,3.3484823778020707,2.5270978106203534,0.5757295970895904,0.49306440206601315,0.8213845671817173,1.53869284381645,1.5081227873167855,344.0,9.615654461282442e-05,0.00019998000199980003,0.49901959767945464,1.134736192247324,4,36,2.9186846708059306,2.917096681056751
1000,15,all,19,22,3.163893327902806,2.2961692899655213,0.6509247135789223,0.4428485185088679,0.8677240379372848,1.5811978865878684,1.5505940565248773,364.0,5.361051033399823e-05,0.00019998000199980003,0.5236731558089589,1.1929328594644628,4,37,2.6569518086910247,2.7027537939089377
1000,15,excl_censored,19,21,3.163893327902806,2.3114799586051986,0.6509247135789223,0.44777843628170916,0.8524133692976075,1.5403731252097153,1.5097696856360123,345.0,8.594946254853164e-05,9.999000099990002e-05,0.5268717458220357,1.2036038401203863,4,36,2.6569518086910247,2.722979031280511
1000,16,all,19,22,3.345131822325681,2.439637321751226,0.6974030139901272,0.42196740542593597,0.9054945005744552,1.5998149070743184,1.5688507475825573,365.0,4.794062957706685e-05,9.999000099990002e-05,0.5396580444130787,1.246133206707763,4,37,2.8117784991413353,2.86438950557161
1000,16,excl_censored,19,21,3.345131822325681,2.4525033008569768,0.6974030139901272,0.42794333017365194,0.8926285214687044,1.5615196203186374,1.5304960517030355,347.0,6.852701193915714e-05,9.999000099990002e-05,0.5368133495932417,1.2561973886907893,4,36,2.8117784991413353,2.883693331822753
1000,17,all,19,22,3.4758175140007546,2.609576429150321,0.6907776732988761,0.4199258623630027,0.8662410848504334,1.542964408621011,1.5131005813573786,358.0,0.00010341529559565133,9.999000099990002e-05,0.5175045822095922,1.2114755287973284,4,37,2.99476181922853,3.012761268389386
1000,17,excl_censored,19,21,3.4758175140007546,2.6232416213438623,0.6907776732988761,0.4252540189590462,0.8525758926568923,1.5043160554713102,1.474428981521549,339.0,0.00016676840418304343,9.999000099990002e-05,0.5072422026085294,1.2109164079588493,4,36,2.99476181922853,3.0319322093700367
1000,18,all,19,22,3.614269087043248,2.59952181276679,0.8801043652854436,0.4835369140064085,1.0147472742764578,1.4595064843573249,1.4312579717568605,344.0,0.00043741672787535964,0.00019998000199980003,0.5912561862827523,1.4304240608969694,4,37,2.977067280553282,3.079792524661567
1000,18,excl_censored,19,21,3.614269087043248,2.6156213145852085,0.8801043652854436,0.4893985738831631,0.9986477724580394,1.4223407350772386,1.3940823098770285,325.0,0.0007104983619273451,9.999000099990002e-05,0.558567709742724,1.4477498703111487,4,36,2.977067280553282,3.102524753830499
1000,19,all,19,22,3.8525410559553848,2.7177230000414636,1.0338991282083538,0.5612106555085659,1.1348180559139212,1.3937501801512802,1.3667743702128683,330.0,0.0016305036228348349,0.00029997000299970003,0.6239467430210103,1.6215240444191792,4,37,3.1621256883740427,3.252423873258603
1000,19,excl_censored,19,21,3.8525410559553848,2.7357639600435895,1.0338991282083538,0.5684951791845123,1.1167770959117953,1.357848377030826,1.330871256957366,314.0,0.002017988592121406,9.999000099990002e-05,0.614597531114029,1.608852335354383,4,36,3.1621256883740427,3.2778005686269864
1000,20,all,19,22,4.020907642948,2.817824878295714,1.148662025411511,0.5868634920670306,1.2030827646522861,1.349806496036727,1.3236812090166614,328.0,0.0019476215396976057,9.999000099990002e-05,0.6457037394412912,1.739057862010157,4,37,3.2547862428128718,3.3883850693855737
1000,20,excl_censored,19,21,4.020907642948,2.834714936811299,1.148662025411511,0.5958517979047488,1.1861927061367008,1.316486637022272,1.290331273372823,312.0,0.0024181155429086843,0.00019998000199980003,0.6115017295428453,1.7582714345628292,4,36,3.2547862428128718,3.4140864977166054
1000,21,all,19,22,3.6816491582542654,2.3166778543713415,1.2899261738104744,0.636812382514991,1.3649713038829239,1.374404214353584,1.3478028424628694,343.0,0.0004825316312145502,0.00029997000299970003,0.7650582401842683,1.9818205415095644,4,37,2.7945245411172515,2.965949963203556
1000,21,excl_censored,19,21,3.6816491582542654,2.339601806991157,1.2899261738104744,0.6431697174189805,1.3420473512631084,1.3381141932853355,1.3115291430876137,325.0,0.0007104983619273451,0.00039996000399960006,0.6952799845211971,2.00468955330188,4,36,2.7945245411172515,2.997357605254899
1000,22,all,19,22,4.874062452399417,3.0472955273457547,1.880989327120898,0.8619753257794696,1.8267669250536622,1.2811748624517525,1.2563779296301056,328.0,0.0019476215396976057,0.00019998000199980003,0.9727890541122798,2.7771876199273597,4,37,3.515260740876198,3.934774195505155
1000,22,excl_censored,19,21,4.874062452399417,3.0720889298759757,1.880989327120898,0.8751866483652292,1.8019735225234412,1.249718910173019,1.2248900576530253,311.0,0.002644304406362379,0.00019998000199980003,0.9152754105557155,2.7165896479126883,4,36,3.515260740876198,3.9738891988744345
1000,23,all,19,22,5.864380502694532,3.9923326491009106,1.9832720819056417,0.8959493140606312,1.8720478535936214,1.2486876864608427,1.2245195376906328,325.0,0.002530482792477342,9.999000099990002e-05,0.9804495426350953,2.8283583106431514,4,37,4.464769839733839,4.9025802289859675
1000,23,excl_censored,19,21,5.864380502694532,4.012834206257547,1.9832720819056417,0.9127717032176988,1.851546296436985,1.220429016894404,1.1961820827839194,309.0,0.0031556734004143713,0.00019998000199980003,0.9590585319859896,2.8405938066088527,4,36,4.464769839733839,4.93982412565748
1000,24,all,19,22,4.59351914653182,2.6975288506583737,2.3217230407935707,0.9314875051269983,1.8959902958734465,1.1029385561003964,1.0815913582403887,333.0,0.0012429900388831849,0.0008999100089991,0.8645705709338792,3.0334664853683218,4,37,3.0358567284047604,3.6345695022964795
1000,24,excl_censored,19,21,4.59351914653182,2.7131974816237183,2.3217230407935707,0.951515229674715,1.8803216649081018,1.0802410291210045,1.0587792868205872,317.0,0.0015305708692109107,0.0014998500149985001,0.8159104177146334,2.9965269986257526,4,36,3.0358567284047604,3.669738444016211
1000,25,all,19,22,7.0628489297502925,4.437833820334888,2.8986045135378666,1.2491756436733126,2.625015109415404,1.2085120149123296,1.1851214597849942,324.0,0.0027577220986616966,0.00029997000299970003,1.2536404499861347,3.98981545152281,4,37,4.9731074139773845,5.727947136667935
1000,25,excl_censored,19,21,7.0628489297502925,4.462959108718804,2.8986045135378666,1.2743151915816227,2.5998898210314882,1.1824371381650274,1.1589450095922122,308.0,0.0034438069596774688,0.00029997000299970003,1.2835590581373426,4.044296500010624,4,36,4.9731074139773845,5.778440035901136
1000,26,all,19,22,8.222973152937074,5.405863470326771,3.4162014162990317,1.5340309925807494,2.817109682610303,1.0921418557747182,1.0710036263081106,322.0,0.0032690189024478997,0.0007999200079992001,1.2846475650936544,4.544807384795913,4,37,5.823713686481119,6.807314365055916
1000,26,excl_censored,19,21,8.222973152937074,5.42033530824525,3.4162014162990317,1.5703743862423152,2.802637844691824,1.072711059653869,1.051398919395845,306.0,0.004093045844708802,0.0010998900109989002,1.2156903819207703,4.41152284071424,4,36,5.823713686481119,6.854685462028616
1000,27,all,19,22,10.105145596573227,6.864609698555686,3.7309894643127435,1.8511653397505359,3.2405358980175407,1.1268479579570112,1.1050379974804239,323.0,0.003003459393580646,0.0008999100089991,1.50336065294777,5.1005009477095,4,37,7.4940088274776935,8.460625524140692
1000,27,excl_censored,19,21,10.105145596573227,6.898057414997192,3.7309894643127435,1.890055727211874,3.207088181576035,1.1017096318720039,1.0798213610401097,307.0,0.0037556942034487764,0.0008999100089991,1.374608219546557,4.996639942967576,4,36,7.4940088274776935,8.52447046499782
1000,28,all,19,22,11.574188294294633,7.970307228668171,4.271769055177358,2.070470802755861,3.603881065626462,1.1001736333456835,1.078879950119638,322.0,0.0032690189024478997,0.0008999100089991,1.6087096063013562,5.609126993085394,4,37,8.702967121452094,9.741742382067281
1000,28,excl_censored,19,21,11.574188294294633,8.00685703943741,4.271769055177358,2.1143161504618595,3.5673312548572227,1.0757570435534765,1.0543843870590366,306.0,0.004093045844708802,0.0008999100089991,1.568494950879686,5.651023149266327,4,36,8.702967121452094,9.812269637054868
1000,29,all,19,22,14.71380035806957,10.602355699105697,4.962140628726452,2.422981688104417,4.1114446589638725,1.0787660522945237,1.0578867093468878,320.0,0.003865297976228013,0.0014998500149985001,1.7641671341741003,6.793347169917543,4,37,11.307044052302837,12.637455566876646
1000,29,excl_censored,19,21,14.71380035806957,10.630732186169851,4.962140628726452,2.4790686912660638,4.083068171899718,1.0578439177136494,1.036827151136557,304.0,0.004851493247946607,0.0014998500149985001,1.7481457005880159,6.573291472553059,4,36,11.307044052302837,12.710539069546593
1000,30,all,19,22,17.776538499088662,13.627804889676247,5.203776270196505,2.5207014550988984,4.148733609412416,1.0398030175565742,1.019677797861931,324.0,0.0027577220986616966,0.0008999100089991,1.7032062566506514,6.6732345619131355,4,37,14.345743713140488,15.68062065413514
1000,30,excl_censored,19,21,17.776538499088662,13.64684507698956,5.203776270196505,2.5813287669907523,4.129693422099102,1.0218129863366214,1.001512066078278,308.0,0.0034438069596774688,0.0027997200279972004,1.6184282361700337,6.7841303487942355,4,36,14.345743713140488,15.748750090191765
1000,31,all,19,22,21.858230272299366,16.72015930180387,6.13989456934155,3.031614481315113,5.1380709704954945,1.086876732626145,1.0658404087688647,322.0,0.0032690189024478997,0.0006999300069993001,2.301636161612398,8.13386170315357,4,37,17.61159564769268,19.262256681691955
1000,31,excl_censored,19,21,21.858230272299366,16.759475539993673,6.13989456934155,3.1007278941182186,5.098754732305693,1.06507896274621,1.0439184535525767,306.0,0.004093045844708802,0.000999900009999,2.124536025159824,8.150180037614453,4,36,17.61159564769268,19.35580497007734
1000,32,all,19,22,25.330952355842843,19.045552732153375,7.3456623884243495,3.583147333518817,6.285399623689468,1.1142973634259559,1.0927303176822276,324.0,0.0027577220986616966,0.0004999500049995,2.6447981249584656,9.835465126165117,4,37,20.10861999797821,22.15826418585068
1000,32,excl_censored,19,21,25.330952355842843,19.086901921715057,7.3456623884243495,3.666251041985536,6.244050434127786,1.0930307467142633,1.071314904064311,308.0,0.0034438069596774688,0.0016998300169983002,2.709501810771924,9.761418309762364,4,36,20.10861999797821,22.268848753475478
1000,33,all,19,22,30.91408453728651,23.972247997836632,8.007832414564989,3.9127997818470166,6.941836539449877,1.1284902370404402,1.1066484905170768,323.0,0.003003459393580646,0.0006999300069993001,3.2583898165372225,10.763626581915844,4,37,25.525204640090465,27.369087664878045
1000,33,excl_censored,19,21,30.91408453728651,24.021489294721967,8.007832414564989,4.002435701744055,6.892595242564543,1.106446927020515,1.0844645377419617,307.0,0.0037556942034487764,0.000999900009999,2.986286051493148,10.629361428136152,4,36,25.525204640090465,27.492168412145645
1000,34,all,19,22,36.097599518637914,28.90331651334329,9.150442184670505,4.432452519192203,7.194283005294622,1.0254151872050905,1.0055684416462822,322.0,0.0032690189024478997,0.0026997300269973002,3.0704868006815746,11.795602112649755,4,37,30.073005636572837,32.47122517841571
1000,34,excl_censored,19,21,36.097599518637914,28.931815122490836,9.150442184670505,4.539846468541498,7.165784396147078,1.0082724627244009,0.9882405594914657,306.0,0.004093045844708802,0.0029997000299970002,2.728102246709056,11.615837914983851,4,36,30.073005636572837,32.5869579411149
1000,35,all,19,22,40.8100718019636,33.583441353797916,9.434882897428404,4.536871197072994,7.226630448165686,1.0005380168699605,0.9811727649305418,321.0,0.0035558034883858606,0.0031996800319968005,2.5788845045739066,11.725482138572922,4,37,35.01689367640019,37.13944592743951
1000,35,excl_censored,19,21,40.8100718019636,33.6255175833475,9.434882897428404,4.6445089968393045,7.1845542186161,0.9820743870164741,0.9625629753538951,305.0,0.004457673402773676,0.0022997700229977,2.6804904232914466,11.604048458914308,4,36,35.01689367640019,37.26276829950015
1000,36,all,19,22,48.50322801733017,40.91226312711022,10.446943584847558,5.480297853203437,7.590964890219951,0.9305584936416507,0.9125476840872961,323.0,0.003003459393580646,0.0047995200479952005,2.391935141192847,12.618554101041257,4,37,42.32219685459137,44.657900911008994
1000,36,excl_censored,19,21,48.50322801733017,40.94664195773716,10.446943584847558,5.613202811722258,7.556586059593016,0.9144869569685847,0.8963183419294738,307.0,0.0037556942034487764,0.0057994200579942,2.6006089977214444,12.64336545227145,4,36,42.32219685459137,44.782000722871885
1000,37,all,19,22,56.3313452728673,48.20410658448393,10.903240730717519,6.331529805187329,8.127238688383372,0.9294861950860439,0.9114961396972817,320.0,0.003865297976228013,0.004999500049995001,2.5364321957801734,13.809798633074982,4,37,50.099402363061905,52.17265663759129
1000,37,excl_censored,19,21,56.3313452728673,48.24293575865882,10.903240730717519,6.485202786155123,8.088409514208486,0.9132155318763128,0.8950721769383728,304.0,0.004851493247946607,0.004899510048995101,2.420160248242791,13.207065439142081,4,36,50.099402363061905,52.30554449066852
1000,38,all,19,22,63.50814916239287,54.8199579474059,11.88213065226564,6.7358714130695265,8.688191214986972,0.9178916390739242,0.900125994446687,319.0,0.0041990725091181425,0.005599440055994401,2.741442643813175,14.350906195127926,4,37,56.693578140378,59.07890800991574
1000,38,excl_censored,19,21,63.50814916239287,54.84095096999123,11.88213065226564,6.901476765623479,8.667198192401635,0.9038844594027987,0.8859264900106901,304.0,0.004851493247946607,0.0065993400659934,2.9090973795851838,14.640436133005442,4,36,56.693578140378,59.20945810816022
1000,39,all,19,22,88.38013895964623,79.20534495637634,12.208703421858495,7.7462893676013715,9.174794003269895,0.9124572891561741,0.8947968254950868,326.0,0.002320492605204538,0.0051994800519948,3.004772627819918,15.631810034504715,4,37,82.3083673799038,83.58126377713357
1000,39,excl_censored,19,21,88.38013895964623,79.23524521498453,12.208703421858495,7.936283571465109,9.144893744661701,0.8977948896713465,0.8799579051083396,310.0,0.002889679595292828,0.007599240075992401,3.062166717826075,15.198502842509468,4,36,82.3083673799038,83.72025889523162
2000,0,all,16,22,0.0037011178638240378,0.0075545028837937424,0.004496192535549468,0.0036635171598583217,-0.0038533850199697047,-0.9558379604792846,-0.9357854158538451,99.0,0.023711622554114634,0.007899210078992101,-0.00636265819830018,-0.001067794520709653,4,34,0.005216445229627425,0.00601621083370992
2000,0,excl_censored,16,21,0.0037011178638240378,0.007485548991127871,0.004496192535549468,0.003739330650190882,-0.003784431127303833,-0.9273465050758639,-0.9073318323044424,95.0,0.026240752441486243,0.008799120087991202,-0.006239602886710028,-0.0011254172842804207,4,33,0.005216445229627425,0.005925716173223036
2000,1,all,16,22,0.2641088400917361,0.24994766689379785,0.013932820511339143,0.02380893729883994,0.01416117319793822,0.6980468859449201,0.6834025456803414,263.0,0.010544995721911666,0.041695830416958304,0.0022771466601658285,0.025556071780048976,4,34,0.25646924071433025,0.25584450441982376
2000,1,excl_censored,16,21,0.2641088400917361,0.25038283381832854,0.013932820511339143,0.024307083684373766,0.013726006273407532,0.6691113330133805,0.6546700812217249,248.0,0.01480030837184818,0.050094990500949906,0.0011543466737422557,0.024606294920633043,4,33,0.25646924071433025,0.2563001208725866
2000,2,all,16,22,0.3894833806392271,0.35739217919255184,0.029862525077413837,0.04728403378116426,0.032091201446675266,0.7839312996670474,0.7674851884852213,256.0,0.018749881556256405,0.022297770222977704,0.00797403002216651,0.05686144387258465,4,34,0.37506630973005667,0.37041461157481026
2000,2,excl_censored,16,21,0.3894833806392271,0.3578454115285228,0.029862525077413837,0.04840272359625704,0.03163796911070432,0.7626499880306316,0.7461899163465172,241.0,0.026240752441486243,0.0263973602639736,0.0059522904811519116,0.055586509665343134,4,33,0.37506630973005667,0.371097651315345
2000,3,all,16,22,0.4659273909297772,0.4162119619071652,0.04331368466777293,0.06374139736497361,0.049715429022612,0.8855529348654076,0.8669749012668327,256.0,0.018749881556256405,0.0100989901009899,0.015268087260033977,0.08209129306598656,4,34,0.4389987886724993,0.4369266547689434
2000,3,excl_censored,16,21,0.4659273909297772,0.4172216096829978,0.04331368466777293,0.06513498405280925,0.04870578124677938,0.8572151129684175,0.8387140673647826,241.0,0.026240752441486243,0.0160983901609839,0.013472872518606651,0.08160260318840544,4,33,0.4389987886724993,0.438196875864527
2000,4,all,16,22,0.5731141490126028,0.49377218825624075,0.060789470425607874,0.08199340111345209,0.07934196075636207,1.0736173794911947,1.0510939379634074,269.0,0.006241442803608344,0.0027997200279972004,0.03444353721912903,0.12127245824232022,4,34,0.5304977276083083,0.5267889298648738
2000,4,excl_censored,16,21,0.5731141490126028,0.4952683051872467,0.060789470425607874,0.08370996037409953,0.07784584382535614,1.0413817382880022,1.0189058734328655,254.0,0.0087628379342051,0.0030996900309969004,0.03162004187949379,0.12104647720699481,4,33,0.5304977276083083,0.5287415115969877
2000,5,all,16,22,0.9781840870897286,0.8371656367162412,0.1014681769804596,0.12030501754241762,0.14101845037348737,1.2497300217092644,1.2235119093657134,286.0,0.001206092560758216,0.0008999100089991,0.0662153927631666,0.2090839791043058,4,34,0.9046515109259634,0.8955877458085031
2000,5,excl_censored,16,21,0.9781840870897286,0.8401568378781279,0.1014681769804596,0.12243479831627252,0.1380272492116007,1.2115880775140007,1.1854386945460726,271.0,0.0016760379422127913,0.0012998700129987,0.06505634276509917,0.20605446758186866,4,33,0.9046515109259634,0.8992616043991662
2000,6,all,16,22,1.2943306253124027,1.033879908219996,0.18842125733259343,0.2011767979624451,0.26045071709240664,1.3290816483029788,1.301198816520399,295.0,0.0004591419235293488,0.00019998000199980003,0.1266896381614561,0.37454387077745055,4,34,1.153624226372689,1.142357384716106
2000,6,excl_censored,16,21,1.2943306253124027,1.0386726549938323,0.18842125733259343,0.20485383203763372,0.2556579703185704,1.2913428556422293,1.2634721465276488,280.0,0.0006302476671318381,0.0007999200079992001,0.12173814150618177,0.37054091385332977,4,33,1.153624226372689,1.1486945107387323
2000,7,all,16,22,1.5047448237044736,1.156670616455376,0.2711766151259925,0.25569971902609273,0.34807420724909766,1.3272132307904707,1.2993695965780834,298.0,0.00032786933369106453,0.00029997000299970003,0.18620645341621725,0.5019557674268156,4,34,1.3148724629580975,1.3018582614546315
2000,7,excl_censored,16,21,1.5047448237044736,1.1624665289741185,0.2711766151259925,0.2605292200906807,0.3422782947303551,1.2909110785183284,1.2630496883344797,282.0,0.0005022271120927635,0.0006999300069993001,0.16478972883656426,0.5019358304894971,4,33,1.3148724629580975,1.3099461950271416
2000,8,all,16,22,2.098025078496896,1.698355899009515,0.3461753158198202,0.2987674820215222,0.399669179487381,1.2514021078260118,1.225148916752739,274.0,0.003943479232921451,0.0010998900109989002,0.19232317574950902,0.59470468251006,4,34,1.8678854471072555,1.8664908601685481
2000,8,excl_censored,16,21,2.098025078496896,1.704899806627915,0.3461753158198202,0.30452570291741426,0.39312527186898083,1.2169789126524069,1.1907131807246571,260.0,0.005029902399759416,0.0011998800119988001,0.1765537606268144,0.5925997147259681,4,33,1.8678854471072555,1.8757501638396221
2000,9,all,16,22,2.527382074684836,2.0214733247282832,0.40904868529201005,0.3544258468848415,0.5059087499565527,1.337868091573012,1.309800928812739,299.0,0.00029257336518057986,0.00039996000399960006,0.23553878507725443,0.726085031477986,4,34,2.2598710352629423,2.2315012411155246
2000,9,excl_censored,16,21,2.527382074684836,2.0296030711304573,0.40904868529201005,0.36107038351049814,0.49777900355437854,1.3018241625722933,1.2737272382002294,284.0,0.0003987953852229031,0.0005999400059994001,0.24874187908225037,0.7287473188087538,4,33,2.2598710352629423,2.2430391984134914
2000,10,all,16,22,2.9714502150323243,2.49691943931986,0.38353827521858336,0.34690689266753394,0.47453077571246416,1.30861737787712,1.2811638664531244,294.0,0.0005128368551133115,0.0005999400059994001,0.23565859276044832,0.6928581434287051,4,34,2.738910798713565,2.69175846796176
2000,10,excl_censored,16,21,2.9714502150323243,2.505513458663509,0.38353827521858336,0.353065873736603,0.46593675636881526,1.2715368749203304,1.2440936330155752,279.0,0.0007050833278740255,0.000999900009999,0.20037380367486438,0.6903476738968778,4,33,2.738910798713565,2.7031316023514123
2000,11,all,16,22,3.2010972532182933,2.6979118173041123,0.37129888632117897,0.3415275087555001,0.503185435914181,1.4204789747620028,1.3906787165502126,304.0,0.0001634985624196907,0.0005999400059994001,0.2873572107942514,0.7183775003755849,4,34,2.959131002880633,2.903973294725313
2000,11,excl_censored,16,21,3.2010972532182933,2.707733901619911,0.37129888632117897,0.34676296953032826,0.4933633515983824,1.3800966875770455,1.3503104281329366,288.0,0.0002487848763445857,0.00029997000299970003,0.25773788293108724,0.713591627783989,4,33,2.959131002880633,2.9164679992117666
2000,12,all,16,22,3.1814580109287056,2.657479627851735,0.3592543380867135,0.31865775862680323,0.5239783830769706,1.5586739977933282,1.5259745432941676,308.0,0.00010112401142111129,0.00019998000199980003,0.30745380754120705,0.7296795322901614,4,34,2.95279058238864,2.869315225236556
2000,12,excl_censored,16,21,3.1814580109287056,2.667720273853767,0.3592543380867135,0.32279620398056336,0.5137377370749387,1.5158900589983964,1.4831730073653375,292.0,0.00015300831108811504,0.00029997000299970003,0.29653529481003504,0.722677020289729,4,33,2.95279058238864,2.8822512604919344
2000,13,all,16,22,3.2241275147385893,2.5626924802227453,0.4322846898893496,0.4063095631811429,0.661435034515844,1.5849244732326366,1.5516743094585255,307.0,0.00011417219480705242,9.999000099990002e-05,0.38633826201057714,0.9176663913673934,4,34,2.9252751296609643,2.8312992435904114
2000,13,excl_censored,16,21,3.2241275147385893,2.575000120206958,0.4322846898893496,0.412119754856902,0.6491273945316314,1.5423092200554005,1.5090219707016868,291.0,0.00017301064517513912,0.00019998000199980003,0.3795131633455372,0.9013048015735795,4,33,2.9252751296609643,2.847270977015748
2000,14,all,16,22,3.2344632089808583,2.4938715785118664,0.5220834832872682,0.4553844889568546,0.7405916304689919,1.5292210182898474,1.4971394584655848,300.0,0.0002608613343686449,0.00019998000199980003,0.4147000048236201,1.040709491435066,4,34,2.8812511852011085,2.796811215592658
2000,14,excl_censored,16,21,3.2344632089808583,2.506557071106774,0.5220834832872682,0.4626299737746651,0.7279061378740841,1.4885728545407604,1.4564453828600246,285.0,0.00035489286959991366,0.00019998000199980003,0.41731436925491155,1.0263583731042842,4,33,2.8812511852011085,2.8140637907918653
2000,15,all,16,22,3.0495846719546247,2.328599236453121,0.5284695626940187,0.4227851063308996,0.7209854355015035,1.53492930044744,1.5027279864520393,305.0,0.00014517437158517556,9.999000099990002e-05,0.39375014037815875,1.0319006824506636,4,34,2.6839066464826464,2.6260856284503555
2000,15,excl_censored,16,21,3.0495846719546247,2.3413301081331004,0.5284695626940187,0.4288830537300119,0.7082545638215243,1.4937943888274865,1.4615542221621451,289.0,0.00022061093922509843,0.00019998000199980003,0.40252550353452454,1.009957466608497,4,33,2.6839066464826464,2.643201831398137
2000,16,all,16,22,3.1950516030862928,2.4702504591779273,0.5213092672611032,0.3942595934058433,0.7248011439083655,1.6050969910852364,1.571423627635896,306.0,0.00012879692638067286,9.999000099990002e-05,0.44973935295818357,1.024090029875379,4,34,2.827511821962893,2.7693026018659856
2000,16,excl_censored,16,21,3.1950516030862928,2.47965716767453,0.5213092672611032,0.40145812725198704,0.715394435411763,1.5664748251768963,1.5326660160004166,290.0,0.00019545348299275452,9.999000099990002e-05,0.4126127161153088,1.021962208996687,4,33,2.827511821962893,2.7843508752331587
2000,17,all,16,22,3.301894715753384,2.6054642531641505,0.5295424523183554,0.35967528617524186,0.6964304625892335,1.5881237190798785,1.5548064382600209,306.0,0.00012879692638067286,9.999000099990002e-05,0.3871536277016226,0.9924993630875834,4,34,2.9520250411704185,2.892424378146582
2000,17,excl_censored,16,21,3.301894715753384,2.615206537560338,0.5295424523183554,0.3655710018971499,0.6866881781930458,1.548918932323323,1.5154890273091506,290.0,0.00019545348299275452,0.00019998000199980003,0.39184600700354244,0.9716573303057016,4,33,2.9520250411704185,2.9073197750345323
2000,18,all,16,22,3.3654612643765285,2.5862098492912273,0.6369294723756923,0.40779013923233876,0.7792514150853012,1.5107982985177626,1.4791032293180892,298.0,0.00032786933369106453,9.999000099990002e-05,0.4232976729016514,1.1179558202824111,4,34,2.928489803995937,2.9126481676014033
2000,18,excl_censored,16,21,3.3654612643765285,2.5985130727205963,0.6369294723756923,0.41365542006831385,0.7669481916559322,1.4715298924183913,1.4397702544525268,282.0,0.0005022271120927635,9.999000099990002e-05,0.41026706654710965,1.1223095067866664,4,33,2.928489803995937,2.9303695618537344
2000,19,all,16,22,3.589866464773193,2.703565781491724,0.7880415994126816,0.4956183036990408,0.886300683281469,1.3978001627475918,1.3684756838088312,280.0,0.002213062135382778,0.00019998000199980003,0.4461222400350201,1.3054129595210446,4,34,3.126667754456401,3.0708717532753944
2000,19,excl_censored,16,21,3.589866464773193,2.7169083677785744,0.7880415994126816,0.5037926256365821,0.8729580969946187,1.3613746314636979,1.3319924451731144,266.0,0.0027984241242595283,0.00029997000299970003,0.4420811163562987,1.2893631944127688,4,33,3.126667754456401,3.090492973996834
2000,20,all,16,22,3.703186939161271,2.7738127991394563,0.8579136479518255,0.5080727740189903,0.9293741400218147,1.3743962332972175,1.3455627458853878,276.0,0.0032633254896300454,0.00019998000199980003,0.49511590794036486,1.3588332137745256,4,34,3.1835620945096017,3.1629595361649994
2000,20,excl_censored,16,21,3.703186939161271,2.78649155475554,0.8579136479518255,0.5170410973883581,0.9166953844057311,1.3397109218486882,1.3107962976361267,262.0,0.0041513466036120494,0.00039996000399960006,0.4590363021642503,1.369409445441922,4,33,3.1835620945096017,3.1828201605578266
2000,21,all,16,22,3.2631996717234144,2.263897936091504,0.8918095864612318,0.5517753514051125,0.9993017356319105,1.400697535618579,1.3713122726335738,293.0,0.0005723395095012261,0.0004999500049995,0.5177706645685172,1.4945715273517635,4,34,2.6629142243936657,2.687214483647443
2000,21,excl_censored,16,21,3.2631996717234144,2.281475119303379,0.8918095864612318,0.5590544920666611,0.9817245524200353,1.3621292901081852,1.3327308162209581,278.0,0.0007881081620977142,0.00029997000299970003,0.5382421363423029,1.478370224027206,4,33,2.6629142243936657,2.7112277380415435
2000,22,all,16,22,4.339924024149775,3.0039159840890624,1.3090393354763608,0.7771082350522126,1.336008040060713,1.2938268188587934,1.2666835988827347,276.0,0.0032633254896300454,0.00039996000399960006,0.6639488373760298,2.017632580574326,4,34,3.446531816132367,3.5805531991713626
2000,22,excl_censored,16,21,4.339924024149775,3.019795575494213,1.3090393354763608,0.7926330428132994,1.3201284486555624,1.2624845544659622,1.235236686383963,263.0,0.0037664963726407015,0.000999900009999,0.6128641862682869,2.0143108020781124,4,33,3.446531816132367,3.6081322487044063
2000,23,all,16,22,5.310616451101378,3.9699721697203145,1.4639732843859652,0.8079063422145567,1.3406442813810635,1.1878739561019553,1.1629535234564599,270.0,0.005703012698180397,0.0014998500149985001,0.6171491604666859,2.1137516185671537,4,34,4.412405843511223,4.54881257580659
2000,23,excl_censored,16,21,5.310616451101378,3.9814951753346697,1.4639732843859652,0.826003075400604,1.3291212757667084,1.1619698837799186,1.1368913970796326,257.0,0.006664862485155913,0.0013998600139986002,0.5901450151051948,2.0879655787517044,4,33,4.412405843511223,4.57368601592743
2000,24,all,16,22,3.842325842417777,2.5939505658024413,1.6650199171084001,0.831662891189368,1.2483752766153358,0.9999516432412543,0.9789736367396895,266.0,0.008142021185522286,0.0023997600239976003,0.4256427565239834,2.1157826524132166,4,34,2.894461109876633,3.1460671025538707
2000,24,excl_censored,16,21,3.842325842417777,2.605764651555036,1.6650199171084001,0.8503071181863718,1.2365611908627412,0.9771965367566208,0.9561059640208663,253.0,0.00958328044048661,0.004899510048995101,0.3778715999791834,2.0804804319004817,4,33,2.894461109876633,3.170315961267686
2000,25,all,16,22,6.381413176300004,4.510130970582366,2.1387108782651594,1.1620055602282475,1.8712822057176384,1.140195500570691,1.1162753152440332,265.0,0.008882144147300958,0.0010998900109989002,0.8019010693155533,2.999457120996661,4,34,5.150703941941261,5.31537283546609
2000,25,excl_censored,16,21,6.381413176300004,4.531474175573814,2.1387108782651594,1.1862744074106293,1.8499390007261898,1.1126332202817786,1.088619553656992,252.0,0.01047153192889743,0.0022997700229977,0.7398589716279982,2.964383664885731,4,33,5.150703941941261,5.353356143638942
2000,26,all,16,22,7.400082109997981,5.4678541731942785,2.5635578928207368,1.3792665078449589,1.9322279368037023,0.9850127886297757,0.9643481846725077,262.0,0.011475994222218061,0.0044995500449955,0.6162567432557302,3.2882288526587122,4,34,5.952247699595988,6.320150434466408
2000,26,excl_censored,16,21,7.400082109997981,5.477738247051126,2.5635578928207368,1.4125289915913917,1.922343862946855,0.9664249243042163,0.9455668324127584,249.0,0.01359136568218709,0.0052994700529947,0.48733640469123785,3.202372412508907,4,33,5.952247699595988,6.352267459080526
2000,27,all,16,22,9.39852757980302,7.043998070226474,2.856359968364901,1.6583964833828526,2.3545295095765457,1.0525749553419332,1.0304929632718227,262.0,0.011475994222218061,0.0027997200279972004,0.7760695337147473,3.8865267648896262,4,34,7.835253491356969,8.058923084011852
2000,27,excl_censored,16,21,9.39852757980302,7.078345769626752,2.856359968364901,1.6913131827109722,2.3201818101762672,1.0242635371221334,1.002157129846116,249.0,0.01359136568218709,0.0038996100389961006,0.8296160085633804,3.9007915939209243,4,33,7.835253491356969,8.111536014350978
2000,28,all,16,22,10.766189459437504,8.206600743935867,3.235031974250475,1.8473068979613674,2.5595887155016364,1.0156421127894486,0.9943349355980616,260.0,0.01355937665035194,0.0032996700329967,0.8187821625935185,4.335350880551438,4,34,9.046454360038041,9.312306772865794
2000,28,excl_censored,16,21,10.766189459437504,8.23539512265438,3.235031974250475,1.8878605162301565,2.5307943367831243,0.9910013219575827,0.9696128042174911,247.0,0.016103033550101876,0.0040995900409959,0.8021166240681862,4.239598901452524,4,33,9.046454360038041,9.364136711714846
2000,29,all,16,22,13.893996168678628,11.015869338143956,3.8120681401725967,2.158937334330892,2.878126830534672,0.9716602417591705,0.9512757611628243,262.0,0.011475994222218061,0.005599440055994401,0.7366470143225048,4.75838557579835,4,34,11.907559305235743,12.26537726226712
2000,29,excl_censored,16,21,13.893996168678628,11.041394122143586,3.8120681401725967,2.2088483304715845,2.8526020465350417,0.9500260111282993,0.929521852614739,249.0,0.01359136568218709,0.006199380061993801,0.8976460939663921,4.890260048328136,4,33,11.907559305235743,12.319484183119101
2000,30,all,16,22,17.247893986051903,14.337049387708305,3.8734136403437724,2.120895956407652,2.9108445983435978,0.9770719685001782,0.9565739551749997,263.0,0.010544995721911666,0.005099490050994901,0.8143682185478329,4.967177875531452,4,34,15.298526176333427,15.593743694149396
2000,30,excl_censored,16,21,17.247893986051903,14.354130122614757,3.8734136403437724,2.1717205577692145,2.8937638634371456,0.9579548030007883,0.9372795194827857,250.0,0.012470507980264433,0.006399360063993601,0.9324994041721116,4.928697795232387,4,33,15.298526176333427,15.642694898375959
2000,31,all,16,22,21.154240614067763,17.366563636946406,4.754369156081774,2.70930550287002,3.7876769771213574,1.0233150677839613,1.0018469195087734,265.0,0.008882144147300958,0.0034996500349965005,1.1250467400327029,6.417173265011005,4,34,18.65211809450388,18.99775816058499
2000,31,excl_censored,16,21,21.154240614067763,17.404117765544424,4.754369156081774,2.77033840943647,3.7501228485233398,0.9996587207146664,0.978083352641688,252.0,0.01047153192889743,0.0045995400459954,1.1041703617061709,6.250796506984475,4,33,18.65211809450388,19.071086379500052
2000,32,all,16,22,24.435710623934867,19.81254587978666,5.735049362489885,3.193960034081685,4.623164744148205,1.0427963729859449,1.0209195260002257,265.0,0.008882144147300958,0.0030996900309969004,1.6608447622144187,7.803626178806228,4,34,21.237342056691645,21.82052973857347
2000,32,excl_censored,16,21,24.435710623934867,19.853960462456655,5.735049362489885,3.2667766010829506,4.581750161478212,1.0195713663228136,0.997566228920163,252.0,0.01047153192889743,0.004999500049995001,1.4580247906740575,7.591200445281896,4,33,21.237342056691645,21.907732468720642
2000,33,all,16,22,29.821211925085635,24.72821405262026,6.329667929317832,3.5403561586337426,5.092997872465375,1.0394913535660777,1.017683842652104,262.0,0.011475994222218061,0.0034996500349965005,1.737665102513999,8.25110934312941,4,34,26.60109622696042,26.904579854446297
2000,33,excl_censored,16,21,29.821211925085635,24.777645158696743,6.329667929317832,3.6199978570915126,5.043566766388892,1.0156680061764227,0.9937471139567877,249.0,0.01359136568218709,0.0035996400359964,1.6222654878504823,8.575122051345963,4,33,26.60109622696042,27.00198649170182
2000,34,all,16,22,34.74727086853422,29.491057876294306,7.375046238320506,4.016092555319031,5.256212992239917,0.9281377890292428,0.9086663668817763,263.0,0.010544995721911666,0.007699230076992301,1.3234584373468359,8.898610332207356,4,34,31.157814942777158,31.768480805997456
2000,34,excl_censored,16,21,34.74727086853422,29.536915598846615,7.375046238320506,4.109363902595495,5.210355269687607,0.9075538643311708,0.8879663708563974,250.0,0.012470507980264433,0.0081991800819918,1.4744736666838387,9.214710631981685,4,33,31.157814942777158,31.866675809127806
2000,35,all,16,22,39.425381797321144,34.23917063590071,7.4758248273057735,4.081116196000397,5.186211161420431,0.9027711676546607,0.8838319123891784,257.0,0.017311116182503472,0.007999200079992,1.1071229229533317,9.05693049659582,4,34,36.12455674988031,36.45793046315979
2000,35,excl_censored,16,21,39.425381797321144,34.310694554187,7.4758248273057735,4.16774673871018,5.114687243134142,0.878742713494592,0.8597770434191692,244.0,0.020634777744803517,0.0112988701129887,1.1408958352034513,9.089304948457766,4,33,36.12455674988031,36.57068083016801
2000,36,all,16,22,47.30001524460316,41.651354372506795,8.61330213987485,5.0596621924551535,5.6486608720963645,0.8342516803220751,0.8167498968188148,255.0,0.02029217924767243,0.0160983901609839,0.730667563597348,9.999775086965169,4,34,43.84689927732945,44.05124832351417
2000,36,excl_censored,16,21,47.30001524460316,41.72272546110268,8.61330213987485,5.173250723772246,5.577289783500483,0.8127695413759658,0.7952277527131751,242.0,0.0242410543244147,0.019498050194980503,0.6245566192813448,10.104028470108464,4,33,43.84689927732945,44.16939034810572
2000,37,all,16,22,55.24326880668103,48.84844702380354,9.30184610331956,5.916276036283974,6.394821782877493,0.8509816701034963,0.8331289077936328,257.0,0.017311116182503472,0.013798620137986202,1.0981341805886864,11.272855208334462,4,34,51.764075852513315,51.51475976530944
2000,37,excl_censored,16,21,55.24326880668103,48.93865466544741,9.30184610331956,6.046855701475806,6.304614141233621,0.8280088674125047,0.8101381724323787,244.0,0.020634777744803517,0.018598140185981403,0.9589575851306101,11.080673989548622,4,33,51.764075852513315,51.65296198397695
2000,38,all,16,22,61.88327590155601,55.192576056816364,10.0302912696521,6.163124552308463,6.6906998447396475,0.8358356702791082,0.8183006562173087,257.0,0.017311116182503472,0.014098590140985901,1.2010693873801632,11.808907826370277,4,34,58.18212943464518,57.98942852753751
2000,38,excl_censored,16,21,61.88327590155601,55.26906550887653,10.0302912696521,6.304614164375519,6.614210392679482,0.8152010424678071,0.7976067753641854,244.0,0.020634777744803517,0.016798320167983202,1.3464133269655754,11.87458493116313,4,33,58.18212943464518,58.12285673856735
2000,39,all,16,22,87.48740296875685,80.19946758923747,10.413181873820879,6.62994835830965,7.287935379519382,0.8660043828889821,0.8478364587724301,261.0,0.012479234165696393,0.0122987701229877,1.5242612763546057,12.751121775501499,4,34,84.761579667449,83.09236517039818
2000,39,excl_censored,16,21,87.48740296875685,80.345050849222,10.413181873820879,6.75754640224313,7.1423521195348485,0.8384461528934497,0.8203501927590587,248.0,0.01480030837184818,0.015898410158984102,1.210834789700577,12.708333423213,4,33,84.761579667449,83.27267262618109
