alpha_onset,alpha_thinking,beta_censoring,best_condition_combined,A_selected,best_per_goal,corr_with_sr_success,corr_with_think_tokens,corr_with_onset_percent,corr_with_censored,overselect_long_risk,mean_reward_A,mean_reward_D,mean_reward_F
0.0,0.0,0.0,A,Yes,"{'0': 'A', '1': 'E', '2': 'D', '3': 'A'}",0.9992,0.1852,-0.1762,-0.2121,No,0.6836,0.4648,0.3398
0.0,0.0,0.25,A,Yes,"{'0': 'A', '1': 'A', '2': 'D', '3': 'A'}",0.9941,0.199,-0.1671,-0.3094,No,0.6836,0.457,0.332
0.0,0.0,0.5,A,Yes,"{'0': 'A', '1': 'A', '2': 'D', '3': 'A'}",0.9802,0.2102,-0.157,-0.3978,No,0.6836,0.4492,0.3242
0.0,0.0,1.0,A,Yes,"{'0': 'A', '1': 'A', '2': 'D', '3': 'A'}",0.9343,0.2253,-0.1359,-0.5451,No,0.6836,0.4336,0.3086
0.0,0.1,0.0,A,Yes,"{'0': 'A', '1': 'A', '2': 'D', '3': 'A'}",0.9976,0.2207,-0.174,-0.2398,No,0.7775,0.5401,0.4059
0.0,0.1,0.25,A,Yes,"{'0': 'A', '1': 'A', '2': 'D', '3': 'A'}",0.99,0.2328,-0.1647,-0.3341,No,0.7775,0.5323,0.3981
0.0,0.1,0.5,A,Yes,"{'0': 'A', '1': 'A', '2': 'D', '3': 'A'}",0.9742,0.2421,-0.1545,-0.4194,No,0.7775,0.5244,0.3903
0.0,0.1,1.0,A,Yes,"{'0': 'A', '1': 'A', '2': 'D', '3': 'A'}",0.9265,0.2534,-0.1334,-0.5606,No,0.7775,0.5088,0.3747
0.0,0.25,0.0,A,Yes,"{'0': 'A', '1': 'A', '2': 'D', '3': 'A'}",0.9895,0.2706,-0.1699,-0.2782,No,0.9184,0.6529,0.505
0.0,0.25,0.25,A,Yes,"{'0': 'A', '1': 'A', '2': 'D', '3': 'A'}",0.9789,0.28,-0.1603,-0.3678,No,0.9184,0.6451,0.4972
0.0,0.25,0.5,A,Yes,"{'0': 'A', '1': 'A', '2': 'D', '3': 'A'}",0.9611,0.2865,-0.1501,-0.4483,No,0.9184,0.6373,0.4894
0.0,0.25,1.0,A,Yes,"{'0': 'A', '1': 'A', '2': 'D', '3': 'A'}",0.9119,0.2925,-0.1295,-0.5807,No,0.9184,0.6217,0.4738
0.0,0.5,0.0,A,Yes,"{'0': 'A', '1': 'A', '2': 'D', '3': 'A'}",0.964,0.3438,-0.1613,-0.3337,Yes,1.1531,0.841,0.6702
0.0,0.5,0.25,A,Yes,"{'0': 'A', '1': 'A', '2': 'D', '3': 'A'}",0.9501,0.3488,-0.1517,-0.4149,Yes,1.1531,0.8332,0.6623
0.0,0.5,0.5,A,Yes,"{'0': 'A', '1': 'A', '2': 'D', '3': 'A'}",0.9307,0.351,-0.1418,-0.4874,Yes,1.1531,0.8254,0.6545
0.0,0.5,1.0,A,Yes,"{'0': 'A', '1': 'A', '2': 'D', '3': 'A'}",0.8821,0.3494,-0.1223,-0.6063,Yes,1.1531,0.8097,0.6389
0.1,0.0,0.0,A,Yes,"{'0': 'A', '1': 'E', '2': 'D', '3': 'A'}",0.9989,0.183,-0.1542,-0.2139,No,0.6836,0.4649,0.3471
0.1,0.0,0.25,A,Yes,"{'0': 'A', '1': 'A', '2': 'D', '3': 'A'}",0.9937,0.1969,-0.1456,-0.3114,No,0.6836,0.457,0.3393
0.1,0.0,0.5,A,Yes,"{'0': 'A', '1': 'A', '2': 'D', '3': 'A'}",0.9795,0.2081,-0.1363,-0.4,No,0.6836,0.4492,0.3314
0.1,0.0,1.0,A,Yes,"{'0': 'A', '1': 'A', '2': 'D', '3': 'A'}",0.9331,0.2234,-0.1168,-0.5472,No,0.6836,0.4336,0.3158
0.1,0.1,0.0,A,Yes,"{'0': 'A', '1': 'A', '2': 'D', '3': 'A'}",0.9973,0.2186,-0.1523,-0.2416,No,0.7775,0.5401,0.4131
0.1,0.1,0.25,A,Yes,"{'0': 'A', '1': 'A', '2': 'D', '3': 'A'}",0.9895,0.2308,-0.1435,-0.3362,No,0.7775,0.5323,0.4053
0.1,0.1,0.5,A,Yes,"{'0': 'A', '1': 'A', '2': 'D', '3': 'A'}",0.9735,0.2401,-0.1341,-0.4216,No,0.7775,0.5245,0.3975
0.1,0.1,1.0,A,Yes,"{'0': 'A', '1': 'A', '2': 'D', '3': 'A'}",0.9253,0.2515,-0.1147,-0.5628,No,0.7775,0.5088,0.3819
0.1,0.25,0.0,A,Yes,"{'0': 'A', '1': 'A', '2': 'D', '3': 'A'}",0.9891,0.2688,-0.1487,-0.2801,No,0.9184,0.6529,0.5122
0.1,0.25,0.25,A,Yes,"{'0': 'A', '1': 'A', '2': 'D', '3': 'A'}",0.9782,0.2782,-0.1397,-0.3699,No,0.9184,0.6451,0.5044
0.1,0.25,0.5,A,Yes,"{'0': 'A', '1': 'A', '2': 'D', '3': 'A'}",0.9602,0.2847,-0.1303,-0.4504,No,0.9184,0.6373,0.4966
0.1,0.25,1.0,A,Yes,"{'0': 'A', '1': 'A', '2': 'D', '3': 'A'}",0.9107,0.2907,-0.1113,-0.5827,No,0.9184,0.6217,0.481
0.1,0.5,0.0,A,Yes,"{'0': 'A', '1': 'A', '2': 'D', '3': 'A'}",0.9633,0.3422,-0.1411,-0.3356,Yes,1.1531,0.841,0.6774
0.1,0.5,0.25,A,Yes,"{'0': 'A', '1': 'A', '2': 'D', '3': 'A'}",0.9493,0.3472,-0.1323,-0.417,Yes,1.1531,0.8332,0.6696
0.1,0.5,0.5,A,Yes,"{'0': 'A', '1': 'A', '2': 'D', '3': 'A'}",0.9297,0.3495,-0.1231,-0.4894,Yes,1.1531,0.8254,0.6618
0.1,0.5,1.0,A,Yes,"{'0': 'A', '1': 'A', '2': 'D', '3': 'A'}",0.8808,0.3479,-0.1052,-0.6082,Yes,1.1531,0.8097,0.6461
0.25,0.0,0.0,A,Yes,"{'0': 'A', '1': 'E', '2': 'D', '3': 'A'}",0.9976,0.1795,-0.1208,-0.2163,No,0.6836,0.4649,0.3579
0.25,0.0,0.25,A,Yes,"{'0': 'A', '1': 'A', '2': 'D', '3': 'A'}",0.9921,0.1935,-0.1131,-0.3141,No,0.6836,0.4571,0.3501
0.25,0.0,0.5,A,Yes,"{'0': 'A', '1': 'A', '2': 'D', '3': 'A'}",0.9777,0.2049,-0.1048,-0.4029,No,0.6836,0.4493,0.3423
0.25,0.0,1.0,A,Yes,"{'0': 'A', '1': 'A', '2': 'D', '3': 'A'}",0.9308,0.2203,-0.0879,-0.5501,No,0.6836,0.4336,0.3266
0.25,0.1,0.0,A,Yes,"{'0': 'A', '1': 'A', '2': 'D', '3': 'A'}",0.9959,0.2153,-0.1193,-0.2441,No,0.7775,0.5401,0.424
0.25,0.1,0.25,A,Yes,"{'0': 'A', '1': 'A', '2': 'D', '3': 'A'}",0.9878,0.2276,-0.1114,-0.3389,No,0.7775,0.5323,0.4161
0.25,0.1,0.5,A,Yes,"{'0': 'A', '1': 'A', '2': 'D', '3': 'A'}",0.9716,0.237,-0.1031,-0.4245,No,0.7775,0.5245,0.4083
0.25,0.1,1.0,A,Yes,"{'0': 'A', '1': 'A', '2': 'D', '3': 'A'}",0.9229,0.2486,-0.0864,-0.5656,No,0.7775,0.5089,0.3927
0.25,0.25,0.0,A,Yes,"{'0': 'A', '1': 'A', '2': 'D', '3': 'A'}",0.9876,0.2658,-0.1165,-0.2827,No,0.9184,0.6529,0.5231
0.25,0.25,0.25,A,Yes,"{'0': 'A', '1': 'A', '2': 'D', '3': 'A'}",0.9765,0.2752,-0.1085,-0.3727,No,0.9184,0.6451,0.5152
0.25,0.25,0.5,A,Yes,"{'0': 'A', '1': 'A', '2': 'D', '3': 'A'}",0.9582,0.2818,-0.1003,-0.4533,No,0.9184,0.6373,0.5074
0.25,0.25,1.0,A,Yes,"{'0': 'A', '1': 'A', '2': 'D', '3': 'A'}",0.9083,0.288,-0.0839,-0.5855,No,0.9184,0.6217,0.4918
0.25,0.5,0.0,A,Yes,"{'0': 'A', '1': 'A', '2': 'D', '3': 'A'}",0.9616,0.3396,-0.1107,-0.3382,Yes,1.1531,0.841,0.6882
0.25,0.5,0.25,A,Yes,"{'0': 'A', '1': 'A', '2': 'D', '3': 'A'}",0.9473,0.3446,-0.1028,-0.4197,Yes,1.1531,0.8332,0.6804
0.25,0.5,0.5,A,Yes,"{'0': 'A', '1': 'A', '2': 'D', '3': 'A'}",0.9276,0.3469,-0.0948,-0.4922,Yes,1.1531,0.8254,0.6726
0.25,0.5,1.0,A,Yes,"{'0': 'A', '1': 'A', '2': 'D', '3': 'A'}",0.8783,0.3454,-0.0794,-0.6108,Yes,1.1531,0.8098,0.657
0.5,0.0,0.0,A,Yes,"{'0': 'A', '1': 'E', '2': 'D', '3': 'A'}",0.9928,0.1731,-0.0642,-0.2199,No,0.6836,0.4649,0.3759
0.5,0.0,0.25,A,Yes,"{'0': 'A', '1': 'A', '2': 'D', '3': 'A'}",0.987,0.1873,-0.058,-0.318,No,0.6836,0.4571,0.3681
0.5,0.0,0.5,A,Yes,"{'0': 'A', '1': 'A', '2': 'D', '3': 'A'}",0.9723,0.1989,-0.0516,-0.4068,No,0.6836,0.4493,0.3603
0.5,0.0,1.0,A,Yes,"{'0': 'A', '1': 'A', '2': 'D', '3': 'A'}",0.9251,0.2148,-0.0393,-0.5539,No,0.6836,0.4337,0.3447
0.5,0.1,0.0,A,Yes,"{'0': 'A', '1': 'A', '2': 'D', '3': 'A'}",0.9911,0.2093,-0.0635,-0.2478,No,0.7775,0.5401,0.442
0.5,0.1,0.25,A,Yes,"{'0': 'A', '1': 'A', '2': 'D', '3': 'A'}",0.9828,0.2217,-0.0572,-0.3428,No,0.7775,0.5323,0.4342
0.5,0.1,0.5,A,Yes,"{'0': 'A', '1': 'A', '2': 'D', '3': 'A'}",0.9662,0.2313,-0.0509,-0.4284,No,0.7775,0.5245,0.4264
0.5,0.1,1.0,A,Yes,"{'0': 'A', '1': 'A', '2': 'D', '3': 'A'}",0.9172,0.2432,-0.0387,-0.5693,No,0.7775,0.5089,0.4108
0.5,0.25,0.0,A,Yes,"{'0': 'A', '1': 'A', '2': 'D', '3': 'A'}",0.9828,0.26,-0.0621,-0.2864,No,0.9184,0.653,0.5411
0.5,0.25,0.25,A,Yes,"{'0': 'A', '1': 'A', '2': 'D', '3': 'A'}",0.9714,0.2697,-0.0559,-0.3766,No,0.9184,0.6452,0.5333
0.5,0.25,0.5,A,Yes,"{'0': 'A', '1': 'A', '2': 'D', '3': 'A'}",0.9529,0.2764,-0.0496,-0.4571,No,0.9184,0.6374,0.5255
0.5,0.25,1.0,A,Yes,"{'0': 'A', '1': 'A', '2': 'D', '3': 'A'}",0.9026,0.2829,-0.0378,-0.5891,No,0.9184,0.6217,0.5099
0.5,0.5,0.0,A,Yes,"{'0': 'A', '1': 'A', '2': 'D', '3': 'A'}",0.9567,0.3344,-0.0592,-0.3419,Yes,1.1532,0.8411,0.7063
0.5,0.5,0.25,A,Yes,"{'0': 'A', '1': 'A', '2': 'D', '3': 'A'}",0.9422,0.3396,-0.0531,-0.4234,Yes,1.1532,0.8332,0.6984
0.5,0.5,0.5,A,Yes,"{'0': 'A', '1': 'A', '2': 'D', '3': 'A'}",0.9223,0.342,-0.0471,-0.4959,Yes,1.1532,0.8254,0.6906
0.5,0.5,1.0,A,Yes,"{'0': 'A', '1': 'A', '2': 'D', '3': 'A'}",0.8729,0.3407,-0.0359,-0.6142,Yes,1.1532,0.8098,0.675
