bin,normalized_position,layer,subspace_rank,group,n_examples,mean_proj,std_proj
0,0.05,16,0,complied,10253,-2.361177,1.002526
0,0.05,16,0,refused,30799,-2.295194,1.016708
0,0.05,16,1,complied,10253,-4.884484,1.345155
0,0.05,16,1,refused,30799,-4.918775,1.335025
0,0.05,16,2,complied,10253,-1.479705,0.977933
0,0.05,16,2,refused,30799,-1.387878,1.021862
0,0.05,16,3,complied,10253,-1.748969,0.897967
0,0.05,16,3,refused,30799,-1.776314,0.937252
0,0.05,16,4,complied,10253,-2.581513,0.960394
0,0.05,16,4,refused,30799,-2.533275,0.936077
0,0.05,33,0,complied,10253,26.852728,4.585971
0,0.05,33,0,refused,30799,26.974687,4.605664
0,0.05,33,1,complied,10253,2.131608,1.186757
0,0.05,33,1,refused,30799,2.152115,1.226436
0,0.05,33,2,complied,10253,10.075408,2.133454
0,0.05,33,2,refused,30799,10.164511,2.195956
0,0.05,33,3,complied,10253,3.667873,1.484908
0,0.05,33,3,refused,30799,3.699524,1.635425
0,0.05,33,4,complied,10253,2.289636,2.092043
0,0.05,33,4,refused,30799,2.251378,2.404506
0,0.05,38,0,complied,10253,28.806175,3.919807
0,0.05,38,0,refused,30799,29.1394,3.887924
0,0.05,38,1,complied,10253,1.847653,1.157727
0,0.05,38,1,refused,30799,1.825854,1.172702
0,0.05,38,2,complied,10253,10.969188,1.756288
0,0.05,38,2,refused,30799,11.131315,1.833506
0,0.05,38,3,complied,10253,3.259955,1.539864
0,0.05,38,3,refused,30799,3.343773,1.695417
0,0.05,38,4,complied,10253,1.620767,1.548096
0,0.05,38,4,refused,30799,1.714688,1.743835
0,0.05,40,0,complied,10253,24.751192,2.820174
0,0.05,40,0,refused,30799,24.937276,2.778632
0,0.05,40,1,complied,10253,1.649219,1.149351
0,0.05,40,1,refused,30799,1.611695,1.104984
0,0.05,40,2,complied,10253,9.346246,1.701738
0,0.05,40,2,refused,30799,9.400628,1.77892
0,0.05,40,3,complied,10253,3.20441,1.428636
0,0.05,40,3,refused,30799,3.238164,1.542413
0,0.05,40,4,complied,10253,1.640285,1.343136
0,0.05,40,4,refused,30799,1.663447,1.483755
0,0.05,41,0,complied,10253,21.325984,2.543533
0,0.05,41,0,refused,30799,21.310979,2.526754
0,0.05,41,1,complied,10253,0.484723,1.139039
0,0.05,41,1,refused,30799,0.470535,1.096034
0,0.05,41,2,complied,10253,8.872233,1.569372
0,0.05,41,2,refused,30799,8.848403,1.609342
0,0.05,41,3,complied,10253,3.935199,1.241117
0,0.05,41,3,refused,30799,3.932652,1.309613
0,0.05,41,4,complied,10253,2.106965,1.204452
0,0.05,41,4,refused,30799,2.09559,1.292318
1,0.15,16,0,complied,10235,-2.519934,0.922915
1,0.15,16,0,refused,30766,-2.527424,0.938782
1,0.15,16,1,complied,10235,-4.861453,1.16109
1,0.15,16,1,refused,30766,-4.828088,1.172069
1,0.15,16,2,complied,10235,-1.72316,0.894784
1,0.15,16,2,refused,30766,-1.771853,0.91625
1,0.15,16,3,complied,10235,-1.955131,0.865122
1,0.15,16,3,refused,30766,-2.036011,0.887631
1,0.15,16,4,complied,10235,-2.906395,0.992177
1,0.15,16,4,refused,30766,-2.845823,1.015378
1,0.15,33,0,complied,10235,26.658368,4.414411
1,0.15,33,0,refused,30766,26.053109,4.205955
1,0.15,33,1,complied,10235,2.053893,1.184805
1,0.15,33,1,refused,30766,1.991942,1.183751
1,0.15,33,2,complied,10235,10.058202,2.034602
1,0.15,33,2,refused,30766,9.807749,2.051567
1,0.15,33,3,complied,10235,3.753777,1.409796
1,0.15,33,3,refused,30766,3.664347,1.452149
1,0.15,33,4,complied,10235,2.185679,2.083334
1,0.15,33,4,refused,30766,2.256251,2.149195
1,0.15,38,0,complied,10235,28.728672,3.910091
1,0.15,38,0,refused,30766,28.207857,3.668463
1,0.15,38,1,complied,10235,2.003454,1.164701
1,0.15,38,1,refused,30766,1.910463,1.107113
1,0.15,38,2,complied,10235,10.993043,1.717992
1,0.15,38,2,refused,30766,10.849317,1.730137
1,0.15,38,3,complied,10235,3.316519,1.399235
1,0.15,38,3,refused,30766,3.264726,1.452265
1,0.15,38,4,complied,10235,1.70172,1.55652
1,0.15,38,4,refused,30766,1.769217,1.576724
1,0.15,40,0,complied,10235,24.551948,3.086316
1,0.15,40,0,refused,30766,24.194775,2.956393
1,0.15,40,1,complied,10235,1.675037,1.03194
1,0.15,40,1,refused,30766,1.633182,1.028321
1,0.15,40,2,complied,10235,9.233449,1.750342
1,0.15,40,2,refused,30766,9.146917,1.737316
1,0.15,40,3,complied,10235,3.268029,1.379383
1,0.15,40,3,refused,30766,3.231789,1.381473
1,0.15,40,4,complied,10235,1.69325,1.382671
1,0.15,40,4,refused,30766,1.752671,1.394672
1,0.15,41,0,complied,10235,20.95054,2.955789
1,0.15,41,0,refused,30766,20.769534,2.855409
1,0.15,41,1,complied,10235,0.493623,0.963862
1,0.15,41,1,refused,30766,0.510365,0.948594
1,0.15,41,2,complied,10235,8.784807,1.632314
1,0.15,41,2,refused,30766,8.742367,1.60083
1,0.15,41,3,complied,10235,4.05059,1.201126
1,0.15,41,3,refused,30766,4.014366,1.187515
1,0.15,41,4,complied,10235,2.209552,1.199776
1,0.15,41,4,refused,30766,2.228218,1.200999
2,0.25,16,0,complied,10233,-2.623283,0.966211
2,0.25,16,0,refused,30760,-2.633797,0.954601
2,0.25,16,1,complied,10233,-4.985089,1.11425
2,0.25,16,1,refused,30760,-4.999786,1.180535
2,0.25,16,2,complied,10233,-1.735764,0.895547
2,0.25,16,2,refused,30760,-1.803518,0.913869
2,0.25,16,3,complied,10233,-1.984207,0.822818
2,0.25,16,3,refused,30760,-2.094711,0.873251
2,0.25,16,4,complied,10233,-2.935204,0.99937
2,0.25,16,4,refused,30760,-2.926252,1.007907
2,0.25,33,0,complied,10233,27.027749,4.631047
2,0.25,33,0,refused,30760,26.631676,4.550291
2,0.25,33,1,complied,10233,2.181574,1.185213
2,0.25,33,1,refused,30760,2.204328,1.210261
2,0.25,33,2,complied,10233,10.221211,2.152486
2,0.25,33,2,refused,30760,10.091907,2.227744
2,0.25,33,3,complied,10233,3.820885,1.453988
2,0.25,33,3,refused,30760,3.749249,1.563399
2,0.25,33,4,complied,10233,2.140108,2.102393
2,0.25,33,4,refused,30760,2.188279,2.24133
2,0.25,38,0,complied,10233,28.999003,4.092771
2,0.25,38,0,refused,30760,28.572816,4.002224
2,0.25,38,1,complied,10233,1.994773,1.124574
2,0.25,38,1,refused,30760,1.998337,1.093812
2,0.25,38,2,complied,10233,11.012051,1.845688
2,0.25,38,2,refused,30760,10.883707,1.919743
2,0.25,38,3,complied,10233,3.298137,1.455666
2,0.25,38,3,refused,30760,3.200173,1.587256
2,0.25,38,4,complied,10233,1.783949,1.562235
2,0.25,38,4,refused,30760,1.777172,1.647499
2,0.25,40,0,complied,10233,24.582957,3.278343
2,0.25,40,0,refused,30760,24.287056,3.267747
2,0.25,40,1,complied,10233,1.611455,0.999233
2,0.25,40,1,refused,30760,1.621661,1.004561
2,0.25,40,2,complied,10233,9.12432,1.848993
2,0.25,40,2,refused,30760,9.037179,1.892596
2,0.25,40,3,complied,10233,3.186098,1.372625
2,0.25,40,3,refused,30760,3.125762,1.441707
2,0.25,40,4,complied,10233,1.726782,1.364658
2,0.25,40,4,refused,30760,1.727476,1.42936
2,0.25,41,0,complied,10233,20.766815,3.01096
2,0.25,41,0,refused,30760,20.548683,3.015615
2,0.25,41,1,complied,10233,0.457074,0.949915
2,0.25,41,1,refused,30760,0.480437,0.926701
2,0.25,41,2,complied,10233,8.655312,1.674079
2,0.25,41,2,refused,30760,8.590326,1.686618
2,0.25,41,3,complied,10233,3.980442,1.190586
2,0.25,41,3,refused,30760,3.928916,1.228537
2,0.25,41,4,complied,10233,2.220404,1.196395
2,0.25,41,4,refused,30760,2.191265,1.233044
3,0.35,16,0,complied,10233,-2.721351,0.958256
3,0.35,16,0,refused,30762,-2.656914,0.950017
3,0.35,16,1,complied,10233,-5.101017,1.144673
3,0.35,16,1,refused,30762,-5.118926,1.175355
3,0.35,16,2,complied,10233,-1.764318,0.903631
3,0.35,16,2,refused,30762,-1.787492,0.907625
3,0.35,16,3,complied,10233,-2.041095,0.835402
3,0.35,16,3,refused,30762,-2.090225,0.87405
3,0.35,16,4,complied,10233,-2.896531,0.986405
3,0.35,16,4,refused,30762,-2.922222,0.994795
3,0.35,33,0,complied,10233,27.712916,4.895925
3,0.35,33,0,refused,30762,26.949736,4.620123
3,0.35,33,1,complied,10233,2.328428,1.28112
3,0.35,33,1,refused,30762,2.26964,1.225979
3,0.35,33,2,complied,10233,10.537468,2.312008
3,0.35,33,2,refused,30762,10.256194,2.296212
3,0.35,33,3,complied,10233,3.913688,1.546168
3,0.35,33,3,refused,30762,3.817112,1.620797
3,0.35,33,4,complied,10233,2.032878,2.188325
3,0.35,33,4,refused,30762,2.122579,2.304317
3,0.35,38,0,complied,10233,29.532686,4.30981
3,0.35,38,0,refused,30762,28.840204,4.091547
3,0.35,38,1,complied,10233,2.105596,1.142136
3,0.35,38,1,refused,30762,2.00438,1.118706
3,0.35,38,2,complied,10233,11.169629,1.961685
3,0.35,38,2,refused,30762,10.969411,1.999798
3,0.35,38,3,complied,10233,3.296056,1.535224
3,0.35,38,3,refused,30762,3.225568,1.687713
3,0.35,38,4,complied,10233,1.727916,1.621196
3,0.35,38,4,refused,30762,1.779005,1.691531
3,0.35,40,0,complied,10233,24.843641,3.434129
3,0.35,40,0,refused,30762,24.417193,3.362597
3,0.35,40,1,complied,10233,1.660389,1.01191
3,0.35,40,1,refused,30762,1.617483,1.013316
3,0.35,40,2,complied,10233,9.153716,1.916593
3,0.35,40,2,refused,30762,9.049352,1.958049
3,0.35,40,3,complied,10233,3.154083,1.41946
3,0.35,40,3,refused,30762,3.120336,1.489022
3,0.35,40,4,complied,10233,1.64597,1.397682
3,0.35,40,4,refused,30762,1.707244,1.437397
3,0.35,41,0,complied,10233,20.77923,3.054094
3,0.35,41,0,refused,30762,20.610902,3.079315
3,0.35,41,1,complied,10233,0.482493,0.935735
3,0.35,41,1,refused,30762,0.469875,0.923414
3,0.35,41,2,complied,10233,8.63083,1.712485
3,0.35,41,2,refused,30762,8.594065,1.72982
3,0.35,41,3,complied,10233,3.945247,1.244286
3,0.35,41,3,refused,30762,3.932588,1.267783
3,0.35,41,4,complied,10233,2.132585,1.234938
3,0.35,41,4,refused,30762,2.172395,1.246814
4,0.45,16,0,complied,10226,-2.651846,0.909713
4,0.45,16,0,refused,30746,-2.69217,0.958086
4,0.45,16,1,complied,10226,-5.084776,1.177121
4,0.45,16,1,refused,30746,-5.149094,1.173125
4,0.45,16,2,complied,10226,-1.743549,0.882569
4,0.45,16,2,refused,30746,-1.790279,0.924312
4,0.45,16,3,complied,10226,-2.107412,0.848577
4,0.45,16,3,refused,30746,-2.103588,0.872823
4,0.45,16,4,complied,10226,-2.863544,0.972223
4,0.45,16,4,refused,30746,-2.914008,0.988875
4,0.45,33,0,complied,10226,27.087626,4.829103
4,0.45,33,0,refused,30746,26.69506,4.408177
4,0.45,33,1,complied,10226,2.281644,1.212263
4,0.45,33,1,refused,30746,2.268382,1.186179
4,0.45,33,2,complied,10226,10.244971,2.315103
4,0.45,33,2,refused,30746,10.148052,2.194138
4,0.45,33,3,complied,10226,3.741836,1.534638
4,0.45,33,3,refused,30746,3.744344,1.534069
4,0.45,33,4,complied,10226,1.932778,2.127543
4,0.45,33,4,refused,30746,2.010717,2.183749
4,0.45,38,0,complied,10226,28.989905,4.312079
4,0.45,38,0,refused,30746,28.650114,3.946306
4,0.45,38,1,complied,10226,2.034353,1.115293
4,0.45,38,1,refused,30746,1.966115,1.095092
4,0.45,38,2,complied,10226,10.883276,1.976359
4,0.45,38,2,refused,30746,10.870988,1.92979
4,0.45,38,3,complied,10226,3.031596,1.555588
4,0.45,38,3,refused,30746,3.159595,1.623853
4,0.45,38,4,complied,10226,1.63954,1.583799
4,0.45,38,4,refused,30746,1.730909,1.612665
4,0.45,40,0,complied,10226,24.434851,3.444944
4,0.45,40,0,refused,30746,24.259836,3.282683
4,0.45,40,1,complied,10226,1.670121,1.001934
4,0.45,40,1,refused,30746,1.59477,0.980848
4,0.45,40,2,complied,10226,8.928197,1.897022
4,0.45,40,2,refused,30746,8.940356,1.910592
4,0.45,40,3,complied,10226,2.957513,1.41989
4,0.45,40,3,refused,30746,3.053371,1.458241
4,0.45,40,4,complied,10226,1.620354,1.358584
4,0.45,40,4,refused,30746,1.659068,1.376985
4,0.45,41,0,complied,10226,20.484464,3.087244
4,0.45,41,0,refused,30746,20.506774,3.043322
4,0.45,41,1,complied,10226,0.504475,0.919637
4,0.45,41,1,refused,30746,0.460489,0.90277
4,0.45,41,2,complied,10226,8.463105,1.702927
4,0.45,41,2,refused,30746,8.532329,1.690547
4,0.45,41,3,complied,10226,3.790538,1.238005
4,0.45,41,3,refused,30746,3.896345,1.225498
4,0.45,41,4,complied,10226,2.10395,1.198581
4,0.45,41,4,refused,30746,2.14226,1.193731
5,0.55,16,0,complied,10242,-2.697879,0.951589
5,0.55,16,0,refused,30781,-2.669148,0.965008
5,0.55,16,1,complied,10242,-5.081853,1.143215
5,0.55,16,1,refused,30781,-5.155016,1.165038
5,0.55,16,2,complied,10242,-1.82769,0.925879
5,0.55,16,2,refused,30781,-1.778124,0.926487
5,0.55,16,3,complied,10242,-2.173525,0.871313
5,0.55,16,3,refused,30781,-2.111337,0.878184
5,0.55,16,4,complied,10242,-2.929917,1.001979
5,0.55,16,4,refused,30781,-2.900933,0.988896
5,0.55,33,0,complied,10242,26.846691,4.478984
5,0.55,33,0,refused,30781,26.987183,4.7463
5,0.55,33,1,complied,10242,2.251403,1.222424
5,0.55,33,1,refused,30781,2.291256,1.201975
5,0.55,33,2,complied,10242,10.205438,2.201204
5,0.55,33,2,refused,30781,10.263528,2.333111
5,0.55,33,3,complied,10242,3.781829,1.513071
5,0.55,33,3,refused,30781,3.776106,1.581847
5,0.55,33,4,complied,10242,2.01248,2.118314
5,0.55,33,4,refused,30781,1.947126,2.163513
5,0.55,38,0,complied,10242,28.865334,4.035595
5,0.55,38,0,refused,30781,28.931685,4.225214
5,0.55,38,1,complied,10242,1.940005,1.178231
5,0.55,38,1,refused,30781,1.939687,1.096293
5,0.55,38,2,complied,10242,10.929942,1.926123
5,0.55,38,2,refused,30781,10.979098,2.026301
5,0.55,38,3,complied,10242,3.141457,1.555319
5,0.55,38,3,refused,30781,3.167762,1.644317
5,0.55,38,4,complied,10242,1.764047,1.552154
5,0.55,38,4,refused,30781,1.741596,1.587681
5,0.55,40,0,complied,10242,24.43939,3.27274
5,0.55,40,0,refused,30781,24.425939,3.415713
5,0.55,40,1,complied,10242,1.606996,1.037866
5,0.55,40,1,refused,30781,1.574652,0.974295
5,0.55,40,2,complied,10242,8.996158,1.875254
5,0.55,40,2,refused,30781,9.005767,1.944
5,0.55,40,3,complied,10242,3.031789,1.42284
5,0.55,40,3,refused,30781,3.050914,1.472232
5,0.55,40,4,complied,10242,1.695927,1.338191
5,0.55,40,4,refused,30781,1.656729,1.349
5,0.55,41,0,complied,10242,20.66074,3.046549
5,0.55,41,0,refused,30781,20.568143,3.054398
5,0.55,41,1,complied,10242,0.478891,0.939185
5,0.55,41,1,refused,30781,0.443095,0.897218
5,0.55,41,2,complied,10242,8.571125,1.689821
5,0.55,41,2,refused,30781,8.573379,1.71021
5,0.55,41,3,complied,10242,3.868059,1.238471
5,0.55,41,3,refused,30781,3.904491,1.255542
5,0.55,41,4,complied,10242,2.184679,1.176615
5,0.55,41,4,refused,30781,2.13201,1.178031
6,0.65,16,0,complied,10237,-2.660115,0.945794
6,0.65,16,0,refused,30763,-2.66643,0.956735
6,0.65,16,1,complied,10237,-5.10592,1.131766
6,0.65,16,1,refused,30763,-5.125252,1.139659
6,0.65,16,2,complied,10237,-1.763818,0.929412
6,0.65,16,2,refused,30763,-1.791004,0.933637
6,0.65,16,3,complied,10237,-2.147182,0.879871
6,0.65,16,3,refused,30763,-2.125926,0.893381
6,0.65,16,4,complied,10237,-2.893534,0.986381
6,0.65,16,4,refused,30763,-2.883907,0.985193
6,0.65,33,0,complied,10237,26.558927,4.385769
6,0.65,33,0,refused,30763,26.645291,4.533008
6,0.65,33,1,complied,10237,2.206732,1.153484
6,0.65,33,1,refused,30763,2.251066,1.167992
6,0.65,33,2,complied,10237,10.04507,2.173702
6,0.65,33,2,refused,30763,10.136046,2.256465
6,0.65,33,3,complied,10237,3.694258,1.534329
6,0.65,33,3,refused,30763,3.751837,1.56853
6,0.65,33,4,complied,10237,1.828697,2.148797
6,0.65,33,4,refused,30763,1.959464,2.147811
6,0.65,38,0,complied,10237,28.619905,3.954754
6,0.65,38,0,refused,30763,28.671317,4.077297
6,0.65,38,1,complied,10237,1.898618,1.10264
6,0.65,38,1,refused,30763,1.908504,1.095546
6,0.65,38,2,complied,10237,10.782059,1.913511
6,0.65,38,2,refused,30763,10.880922,1.99139
6,0.65,38,3,complied,10237,3.024802,1.57906
6,0.65,38,3,refused,30763,3.118974,1.634355
6,0.65,38,4,complied,10237,1.679582,1.571538
6,0.65,38,4,refused,30763,1.760763,1.570546
6,0.65,40,0,complied,10237,24.232923,3.24015
6,0.65,40,0,refused,30763,24.260952,3.331361
6,0.65,40,1,complied,10237,1.563099,0.981866
6,0.65,40,1,refused,30763,1.562997,0.969605
6,0.65,40,2,complied,10237,8.866594,1.86877
6,0.65,40,2,refused,30763,8.943205,1.919408
6,0.65,40,3,complied,10237,2.951747,1.438535
6,0.65,40,3,refused,30763,3.031739,1.469521
6,0.65,40,4,complied,10237,1.648978,1.338959
6,0.65,40,4,refused,30763,1.685781,1.329921
6,0.65,41,0,complied,10237,20.489954,3.054599
6,0.65,41,0,refused,30763,20.525286,3.053208
6,0.65,41,1,complied,10237,0.443071,0.886913
6,0.65,41,1,refused,30763,0.444684,0.887989
6,0.65,41,2,complied,10237,8.464277,1.687006
6,0.65,41,2,refused,30763,8.560171,1.700553
6,0.65,41,3,complied,10237,3.805405,1.24448
6,0.65,41,3,refused,30763,3.905274,1.256838
6,0.65,41,4,complied,10237,2.168354,1.16298
6,0.65,41,4,refused,30763,2.16897,1.157009
7,0.75,16,0,complied,10229,-2.601201,0.943367
7,0.75,16,0,refused,30759,-2.66002,0.962322
7,0.75,16,1,complied,10229,-5.054619,1.168892
7,0.75,16,1,refused,30759,-5.115307,1.178273
7,0.75,16,2,complied,10229,-1.767696,0.923687
7,0.75,16,2,refused,30759,-1.802396,0.937481
7,0.75,16,3,complied,10229,-2.135912,0.901608
7,0.75,16,3,refused,30759,-2.147061,0.912578
7,0.75,16,4,complied,10229,-2.809099,0.984465
7,0.75,16,4,refused,30759,-2.864249,1.009394
7,0.75,33,0,complied,10229,26.355201,4.477383
7,0.75,33,0,refused,30759,26.354247,4.484654
7,0.75,33,1,complied,10229,2.262401,1.167951
7,0.75,33,1,refused,30759,2.256834,1.156589
7,0.75,33,2,complied,10229,9.98714,2.257037
7,0.75,33,2,refused,30759,10.008272,2.22475
7,0.75,33,3,complied,10229,3.626071,1.566899
7,0.75,33,3,refused,30759,3.692842,1.536852
7,0.75,33,4,complied,10229,1.95072,2.149239
7,0.75,33,4,refused,30759,1.972098,2.142038
7,0.75,38,0,complied,10229,28.469438,4.051352
7,0.75,38,0,refused,30759,28.493247,4.028945
7,0.75,38,1,complied,10229,1.922051,1.138758
7,0.75,38,1,refused,30759,1.874049,1.11133
7,0.75,38,2,complied,10229,10.720986,1.986164
7,0.75,38,2,refused,30759,10.828951,1.954607
7,0.75,38,3,complied,10229,2.912281,1.650036
7,0.75,38,3,refused,30759,3.09205,1.61803
7,0.75,38,4,complied,10229,1.71847,1.566873
7,0.75,38,4,refused,30759,1.785815,1.563079
7,0.75,40,0,complied,10229,24.216451,3.278559
7,0.75,40,0,refused,30759,24.165141,3.27171
7,0.75,40,1,complied,10229,1.659797,1.042929
7,0.75,40,1,refused,30759,1.554019,0.974084
7,0.75,40,2,complied,10229,8.865161,1.878047
7,0.75,40,2,refused,30759,8.920901,1.880513
7,0.75,40,3,complied,10229,2.876945,1.47205
7,0.75,40,3,refused,30759,3.002469,1.442211
7,0.75,40,4,complied,10229,1.675915,1.339744
7,0.75,40,4,refused,30759,1.706284,1.311638
7,0.75,41,0,complied,10229,20.543989,3.089868
7,0.75,41,0,refused,30759,20.510046,3.030411
7,0.75,41,1,complied,10229,0.511834,0.940104
7,0.75,41,1,refused,30759,0.455309,0.893764
7,0.75,41,2,complied,10229,8.488697,1.688983
7,0.75,41,2,refused,30759,8.558408,1.681346
7,0.75,41,3,complied,10229,3.748745,1.266949
7,0.75,41,3,refused,30759,3.876737,1.231488
7,0.75,41,4,complied,10229,2.165615,1.158521
7,0.75,41,4,refused,30759,2.18865,1.141575
8,0.85,16,0,complied,10239,-2.608565,0.942658
8,0.85,16,0,refused,30767,-2.667931,0.937898
8,0.85,16,1,complied,10239,-5.04354,1.140059
8,0.85,16,1,refused,30767,-5.034072,1.251524
8,0.85,16,2,complied,10239,-1.747855,0.927689
8,0.85,16,2,refused,30767,-1.811865,0.935775
8,0.85,16,3,complied,10239,-2.098948,0.876048
8,0.85,16,3,refused,30767,-2.172182,0.898461
8,0.85,16,4,complied,10239,-2.796059,1.024941
8,0.85,16,4,refused,30767,-2.818924,1.019274
8,0.85,33,0,complied,10239,26.549978,4.346674
8,0.85,33,0,refused,30767,26.454226,4.562188
8,0.85,33,1,complied,10239,2.246472,1.188237
8,0.85,33,1,refused,30767,2.274052,1.178205
8,0.85,33,2,complied,10239,10.10018,2.130157
8,0.85,33,2,refused,30767,10.074429,2.257421
8,0.85,33,3,complied,10239,3.73973,1.439001
8,0.85,33,3,refused,30767,3.714469,1.583001
8,0.85,33,4,complied,10239,1.968249,2.044282
8,0.85,33,4,refused,30767,1.988263,2.256671
8,0.85,38,0,complied,10239,28.740367,3.892987
8,0.85,38,0,refused,30767,28.633135,4.099203
8,0.85,38,1,complied,10239,1.857551,1.148349
8,0.85,38,1,refused,30767,1.841018,1.12649
8,0.85,38,2,complied,10239,10.871449,1.822984
8,0.85,38,2,refused,30767,10.888696,1.991223
8,0.85,38,3,complied,10239,3.097411,1.461093
8,0.85,38,3,refused,30767,3.128199,1.663668
8,0.85,38,4,complied,10239,1.815656,1.464914
8,0.85,38,4,refused,30767,1.817245,1.615754
8,0.85,40,0,complied,10239,24.37741,3.123479
8,0.85,40,0,refused,30767,24.245269,3.273824
8,0.85,40,1,complied,10239,1.572457,1.018287
8,0.85,40,1,refused,30767,1.517275,0.990021
8,0.85,40,2,complied,10239,8.950601,1.770043
8,0.85,40,2,refused,30767,8.953575,1.905214
8,0.85,40,3,complied,10239,2.990957,1.346462
8,0.85,40,3,refused,30767,3.014208,1.470871
8,0.85,40,4,complied,10239,1.740315,1.249592
8,0.85,40,4,refused,30767,1.725551,1.35442
8,0.85,41,0,complied,10239,20.696017,2.931058
8,0.85,41,0,refused,30767,20.555527,3.007399
8,0.85,41,1,complied,10239,0.456871,0.940178
8,0.85,41,1,refused,30767,0.427251,0.909315
8,0.85,41,2,complied,10239,8.555485,1.603346
8,0.85,41,2,refused,30767,8.562051,1.691708
8,0.85,41,3,complied,10239,3.836454,1.161554
8,0.85,41,3,refused,30767,3.872065,1.245607
8,0.85,41,4,complied,10239,2.215971,1.090573
8,0.85,41,4,refused,30767,2.200986,1.170996
9,0.95,16,0,complied,10195,-2.61896,0.964221
9,0.95,16,0,refused,30662,-2.59122,0.967171
9,0.95,16,1,complied,10195,-5.008211,1.207819
9,0.95,16,1,refused,30662,-5.03233,1.357282
9,0.95,16,2,complied,10195,-1.75381,0.956368
9,0.95,16,2,refused,30662,-1.716396,0.96381
9,0.95,16,3,complied,10195,-2.174649,0.873643
9,0.95,16,3,refused,30662,-2.152071,0.90351
9,0.95,16,4,complied,10195,-2.874848,1.029388
9,0.95,16,4,refused,30662,-2.817921,1.016476
9,0.95,33,0,complied,10195,26.966456,4.693015
9,0.95,33,0,refused,30662,27.283446,4.982813
9,0.95,33,1,complied,10195,2.278436,1.214047
9,0.95,33,1,refused,30662,2.332203,1.253998
9,0.95,33,2,complied,10195,10.272495,2.175239
9,0.95,33,2,refused,30662,10.456142,2.40077
9,0.95,33,3,complied,10195,3.797525,1.453253
9,0.95,33,3,refused,30662,3.901,1.68219
9,0.95,33,4,complied,10195,2.059,2.138254
9,0.95,33,4,refused,30662,2.140437,2.45462
9,0.95,38,0,complied,10195,29.209635,4.160338
9,0.95,38,0,refused,30662,29.392745,4.424039
9,0.95,38,1,complied,10195,1.813243,1.166031
9,0.95,38,1,refused,30662,1.843508,1.136007
9,0.95,38,2,complied,10195,11.075175,1.835786
9,0.95,38,2,refused,30662,11.194456,2.091684
9,0.95,38,3,complied,10195,3.188106,1.454608
9,0.95,38,3,refused,30662,3.269068,1.72954
9,0.95,38,4,complied,10195,1.825813,1.512302
9,0.95,38,4,refused,30662,1.914389,1.715144
9,0.95,40,0,complied,10195,24.646424,3.181104
9,0.95,40,0,refused,30662,24.739254,3.39207
9,0.95,40,1,complied,10195,1.494126,0.998703
9,0.95,40,1,refused,30662,1.51196,0.984001
9,0.95,40,2,complied,10195,9.083723,1.756035
9,0.95,40,2,refused,30662,9.158502,1.957372
9,0.95,40,3,complied,10195,3.054105,1.337845
9,0.95,40,3,refused,30662,3.116288,1.518097
9,0.95,40,4,complied,10195,1.752439,1.28129
9,0.95,40,4,refused,30662,1.816291,1.42337
9,0.95,41,0,complied,10195,20.742492,2.855397
9,0.95,41,0,refused,30662,20.750965,2.964947
9,0.95,41,1,complied,10195,0.370756,0.929357
9,0.95,41,1,refused,30662,0.369808,0.917764
9,0.95,41,2,complied,10195,8.580629,1.587929
9,0.95,41,2,refused,30662,8.646375,1.711687
9,0.95,41,3,complied,10195,3.845551,1.165285
9,0.95,41,3,refused,30662,3.923215,1.288064
9,0.95,41,4,complied,10195,2.214295,1.118154
9,0.95,41,4,refused,30662,2.246565,1.226177
