bin,normalized_position,layer,subspace_rank,mean_complied,mean_refused,mean_diff,cohens_d
0,0.05,2,0,0.116942,0.092717,0.024225,0.126983
0,0.05,2,1,-0.29552,-0.377058,0.081538,0.212232
0,0.05,2,2,-0.528565,-0.529973,0.001408,0.006692
0,0.05,2,3,-0.535989,-0.582414,0.046425,0.170831
0,0.05,2,4,-0.90813,-0.959972,0.051842,0.161058
0,0.05,22,0,-2.476022,-2.593111,0.117089,0.061488
0,0.05,22,1,-3.986119,-4.262682,0.276563,0.146659
0,0.05,22,2,-5.772555,-6.384089,0.611534,0.248803
0,0.05,22,3,-9.45554,-9.478599,0.023059,0.010997
0,0.05,22,4,-11.341749,-11.422575,0.080826,0.038469
0,0.05,26,0,-4.896896,-5.141965,0.245069,0.063254
0,0.05,26,1,-7.420402,-7.883035,0.462633,0.152518
0,0.05,26,2,-9.515541,-10.540846,1.025305,0.248125
0,0.05,26,3,-14.86174,-14.91073,0.04899,0.011884
0,0.05,26,4,-17.90455,-18.166718,0.262168,0.064167
0,0.05,28,0,-5.70204,-6.10661,0.40457,0.07666
0,0.05,28,1,-9.630392,-9.929344,0.298952,0.0681
0,0.05,28,2,-12.688611,-14.169956,1.481345,0.271039
0,0.05,28,3,-18.64818,-18.865235,0.217055,0.035344
0,0.05,28,4,-22.835509,-23.338731,0.503222,0.079596
0,0.05,29,0,-5.461636,-6.088803,0.627167,0.102317
0,0.05,29,1,-11.21334,-11.599661,0.386321,0.075548
0,0.05,29,2,-13.695663,-15.604505,1.908842,0.285262
0,0.05,29,3,-21.034028,-21.203921,0.169893,0.023877
0,0.05,29,4,-26.176939,-26.65253,0.475591,0.062694
1,0.15,2,0,0.11889,0.090273,0.028617,0.154675
1,0.15,2,1,-0.298365,-0.393879,0.095514,0.266722
1,0.15,2,2,-0.502899,-0.507772,0.004873,0.023369
1,0.15,2,3,-0.52696,-0.577537,0.050577,0.190791
1,0.15,2,4,-0.893752,-0.951906,0.058154,0.188532
1,0.15,22,0,-1.145374,-1.207611,0.062237,0.040223
1,0.15,22,1,-4.204843,-4.521733,0.31689,0.176823
1,0.15,22,2,-4.717669,-5.438192,0.720523,0.360435
1,0.15,22,3,-8.150904,-8.200126,0.049222,0.029591
1,0.15,22,4,-10.21301,-10.314736,0.101726,0.059733
1,0.15,26,0,-2.559329,-2.805065,0.245736,0.07068
1,0.15,26,1,-7.830782,-8.293995,0.463213,0.160949
1,0.15,26,2,-7.669948,-8.962287,1.292339,0.372612
1,0.15,26,3,-12.733937,-12.816635,0.082698,0.025009
1,0.15,26,4,-16.179032,-16.377146,0.198114,0.059124
1,0.15,28,0,-2.864864,-3.311046,0.446182,0.092423
1,0.15,28,1,-10.494373,-10.88424,0.389867,0.093802
1,0.15,28,2,-10.589498,-12.338372,1.748874,0.366347
1,0.15,28,3,-16.150674,-16.513775,0.363101,0.070685
1,0.15,28,4,-20.790442,-21.277888,0.487446,0.089889
1,0.15,29,0,-2.373231,-3.176218,0.802987,0.140967
1,0.15,29,1,-12.110094,-12.453815,0.343721,0.070061
1,0.15,29,2,-11.48495,-13.823516,2.338566,0.397664
1,0.15,29,3,-18.693952,-19.075243,0.381291,0.06297
1,0.15,29,4,-24.396328,-24.887449,0.491121,0.076308
2,0.25,2,0,0.11766,0.097767,0.019893,0.109372
2,0.25,2,1,-0.314229,-0.410446,0.096217,0.27271
2,0.25,2,2,-0.504243,-0.502486,-0.001757,-0.008643
2,0.25,2,3,-0.528471,-0.575088,0.046617,0.177895
2,0.25,2,4,-0.89665,-0.950392,0.053742,0.176331
2,0.25,22,0,-0.860162,-0.897958,0.037796,0.024114
2,0.25,22,1,-4.393523,-4.684667,0.291144,0.166319
2,0.25,22,2,-4.494058,-5.090596,0.596538,0.310917
2,0.25,22,3,-7.859404,-7.883963,0.024559,0.01507
2,0.25,22,4,-9.94185,-10.027221,0.085371,0.051351
2,0.25,26,0,-2.062792,-2.236176,0.173384,0.049947
2,0.25,26,1,-8.058037,-8.510043,0.452006,0.159592
2,0.25,26,2,-7.284599,-8.326868,1.042269,0.316793
2,0.25,26,3,-12.273121,-12.263283,-0.009838,-0.003056
2,0.25,26,4,-15.752357,-15.846357,0.094,0.028858
2,0.25,28,0,-2.300424,-2.697175,0.396751,0.082002
2,0.25,28,1,-10.926765,-11.32151,0.394745,0.097558
2,0.25,28,2,-10.0787,-11.605194,1.526494,0.33434
2,0.25,28,3,-15.727495,-15.983915,0.25642,0.051342
2,0.25,28,4,-20.400417,-20.780227,0.37981,0.072256
2,0.25,29,0,-1.766555,-2.541728,0.775173,0.136355
2,0.25,29,1,-12.567074,-12.917374,0.3503,0.072495
2,0.25,29,2,-10.94743,-13.049289,2.101859,0.378869
2,0.25,29,3,-18.38928,-18.746589,0.357309,0.060436
2,0.25,29,4,-24.140747,-24.638023,0.497276,0.079449
3,0.35,2,0,0.118073,0.094751,0.023322,0.129792
3,0.35,2,1,-0.328322,-0.416222,0.0879,0.252034
3,0.35,2,2,-0.502284,-0.502457,0.000173,0.000861
3,0.35,2,3,-0.525576,-0.573635,0.048059,0.183411
3,0.35,2,4,-0.894535,-0.948563,0.054028,0.177318
3,0.35,22,0,-0.748751,-0.782569,0.033818,0.021772
3,0.35,22,1,-4.41345,-4.745368,0.331918,0.186332
3,0.35,22,2,-4.451601,-5.059179,0.607578,0.321397
3,0.35,22,3,-7.723746,-7.753267,0.029521,0.018408
3,0.35,22,4,-9.811859,-9.917837,0.105978,0.064666
3,0.35,26,0,-1.730893,-2.01599,0.285097,0.083317
3,0.35,26,1,-8.026376,-8.58417,0.557794,0.19586
3,0.35,26,2,-7.091998,-8.225733,1.133735,0.348658
3,0.35,26,3,-11.971657,-12.033899,0.062242,0.019632
3,0.35,26,4,-15.443681,-15.615485,0.171804,0.053353
3,0.35,28,0,-1.896183,-2.492944,0.596761,0.123523
3,0.35,28,1,-10.951893,-11.545113,0.59322,0.147077
3,0.35,28,2,-9.812505,-11.494797,1.682292,0.368266
3,0.35,28,3,-15.466908,-15.850936,0.384028,0.077973
3,0.35,28,4,-20.16071,-20.6292,0.46849,0.090474
3,0.35,29,0,-1.32359,-2.301255,0.977665,0.172286
3,0.35,29,1,-12.569367,-13.155711,0.586344,0.12211
3,0.35,29,2,-10.609864,-12.914063,2.304199,0.419719
3,0.35,29,3,-18.164986,-18.693964,0.528978,0.090289
3,0.35,29,4,-23.956032,-24.587817,0.631785,0.102122
4,0.45,2,0,0.116733,0.097049,0.019684,0.110316
4,0.45,2,1,-0.3455,-0.433013,0.087513,0.255954
4,0.45,2,2,-0.504539,-0.500477,-0.004062,-0.020789
4,0.45,2,3,-0.530452,-0.572733,0.042281,0.162502
4,0.45,2,4,-0.900193,-0.947835,0.047642,0.157113
4,0.45,22,0,-0.811982,-0.682208,-0.129774,-0.083843
4,0.45,22,1,-4.482483,-4.835301,0.352818,0.202263
4,0.45,22,2,-4.612327,-4.956928,0.344601,0.184727
4,0.45,22,3,-7.788709,-7.678743,-0.109966,-0.069755
4,0.45,22,4,-9.865684,-9.834032,-0.031652,-0.019585
4,0.45,26,0,-1.814111,-1.818285,0.004174,0.001221
4,0.45,26,1,-8.085531,-8.721413,0.635882,0.227281
4,0.45,26,2,-7.295213,-7.99929,0.704077,0.217702
4,0.45,26,3,-12.067795,-11.910971,-0.156824,-0.04971
4,0.45,26,4,-15.515631,-15.48293,-0.032701,-0.010207
4,0.45,28,0,-2.114828,-2.310181,0.195353,0.040454
4,0.45,28,1,-11.044123,-11.739935,0.695812,0.176494
4,0.45,28,2,-10.094025,-11.16975,1.075725,0.236663
4,0.45,28,3,-15.748423,-15.797045,0.048622,0.009964
4,0.45,28,4,-20.38372,-20.5468,0.16308,0.031779
4,0.45,29,0,-1.592936,-2.104362,0.511426,0.090287
4,0.45,29,1,-12.72815,-13.361217,0.633067,0.134438
4,0.45,29,2,-10.909292,-12.485121,1.575829,0.2899
4,0.45,29,3,-18.519359,-18.719817,0.200458,0.034481
4,0.45,29,4,-24.259351,-24.664876,0.405525,0.066141
5,0.55,2,0,0.112125,0.096829,0.015296,0.087317
5,0.55,2,1,-0.356777,-0.439049,0.082272,0.24322
5,0.55,2,2,-0.50464,-0.502693,-0.001947,-0.010063
5,0.55,2,3,-0.53584,-0.573858,0.038018,0.147025
5,0.55,2,4,-0.90637,-0.949434,0.043064,0.143068
5,0.55,22,0,-0.663042,-0.717888,0.054846,0.03465
5,0.55,22,1,-4.506389,-4.789027,0.282638,0.161333
5,0.55,22,2,-4.522235,-5.059771,0.537536,0.288748
5,0.55,22,3,-7.658273,-7.664551,0.006278,0.003876
5,0.55,22,4,-9.733681,-9.810396,0.076715,0.046332
5,0.55,26,0,-1.476819,-1.858895,0.382076,0.107864
5,0.55,26,1,-8.100898,-8.584511,0.483613,0.172663
5,0.55,26,2,-7.05122,-8.092752,1.041532,0.318325
5,0.55,26,3,-11.83046,-11.886022,0.055562,0.017041
5,0.55,26,4,-15.276721,-15.438403,0.161682,0.049251
5,0.55,28,0,-1.700827,-2.393717,0.69289,0.139024
5,0.55,28,1,-11.087049,-11.638388,0.551339,0.140512
5,0.55,28,2,-9.74668,-11.317469,1.570789,0.343024
5,0.55,28,3,-15.483588,-15.791919,0.308331,0.061358
5,0.55,28,4,-20.093917,-20.498422,0.404505,0.077306
5,0.55,29,0,-1.177559,-2.193674,1.016115,0.175327
5,0.55,29,1,-12.798984,-13.285619,0.486635,0.103722
5,0.55,29,2,-10.58436,-12.592527,2.008167,0.369685
5,0.55,29,3,-18.307457,-18.779857,0.4724,0.079196
5,0.55,29,4,-24.062434,-24.670539,0.608105,0.097644
6,0.65,2,0,0.110699,0.097357,0.013342,0.076412
6,0.65,2,1,-0.364191,-0.440547,0.076356,0.226742
6,0.65,2,2,-0.508053,-0.504135,-0.003918,-0.020259
6,0.65,2,3,-0.535886,-0.571081,0.035195,0.137163
6,0.65,2,4,-0.906107,-0.945065,0.038958,0.130514
6,0.65,22,0,-0.651841,-0.724486,0.072645,0.045133
6,0.65,22,1,-4.522118,-4.818357,0.296239,0.118008
6,0.65,22,2,-4.513503,-5.087049,0.573546,0.255001
6,0.65,22,3,-7.655549,-7.64199,-0.013559,-0.004531
6,0.65,22,4,-9.73121,-9.782555,0.051345,0.013588
6,0.65,26,0,-1.562209,-1.871492,0.309283,0.087115
6,0.65,26,1,-8.095737,-8.633633,0.537896,0.161391
6,0.65,26,2,-7.124632,-8.16652,1.041888,0.296356
6,0.65,26,3,-11.894444,-11.866106,-0.028338,-0.006891
6,0.65,26,4,-15.331382,-15.418111,0.086729,0.018365
6,0.65,28,0,-1.814032,-2.383302,0.56927,0.115084
6,0.65,28,1,-10.988361,-11.658174,0.669813,0.154408
6,0.65,28,2,-9.754038,-11.334293,1.580255,0.330635
6,0.65,28,3,-15.503858,-15.732707,0.228849,0.041071
6,0.65,28,4,-20.067903,-20.426675,0.358772,0.057742
6,0.65,29,0,-1.322262,-2.186329,0.864067,0.150449
6,0.65,29,1,-12.702033,-13.35428,0.652247,0.129296
6,0.65,29,2,-10.574614,-12.619756,2.045142,0.366263
6,0.65,29,3,-18.343372,-18.7764,0.433028,0.067678
6,0.65,29,4,-24.059227,-24.66482,0.605593,0.085809
7,0.75,2,0,0.112262,0.099292,0.01297,0.075176
7,0.75,2,1,-0.371566,-0.444609,0.073043,0.219423
7,0.75,2,2,-0.508004,-0.505447,-0.002557,-0.013472
7,0.75,2,3,-0.534294,-0.568325,0.034031,0.133783
7,0.75,2,4,-0.904155,-0.942205,0.03805,0.128996
7,0.75,22,0,-0.772521,-0.729602,-0.042919,-0.026534
7,0.75,22,1,-4.621401,-4.89257,0.271169,0.122302
7,0.75,22,2,-4.733117,-5.12335,0.390233,0.183221
7,0.75,22,3,-7.756203,-7.62123,-0.134973,-0.052763
7,0.75,22,4,-9.827231,-9.766016,-0.061215,-0.019561
7,0.75,26,0,-1.802269,-1.944375,0.142106,0.039527
7,0.75,26,1,-8.2308,-8.71131,0.48051,0.155385
7,0.75,26,2,-7.446453,-8.287313,0.84086,0.241337
7,0.75,26,3,-12.106996,-11.847933,-0.259063,-0.067261
7,0.75,26,4,-15.526389,-15.378798,-0.147591,-0.034683
7,0.75,28,0,-2.131085,-2.442717,0.311632,0.061729
7,0.75,28,1,-11.193634,-11.764344,0.57071,0.138778
7,0.75,28,2,-10.165805,-11.413761,1.247956,0.260579
7,0.75,28,3,-15.848817,-15.641719,-0.207098,-0.038108
7,0.75,28,4,-20.377769,-20.302552,-0.075217,-0.012774
7,0.75,29,0,-1.685801,-2.254999,0.569198,0.097464
7,0.75,29,1,-12.923548,-13.51231,0.588762,0.121444
7,0.75,29,2,-11.018971,-12.752027,1.733056,0.309457
7,0.75,29,3,-18.776818,-18.730216,-0.046602,-0.007362
7,0.75,29,4,-24.477561,-24.611215,0.133654,0.01959
8,0.85,2,0,0.114795,0.102856,0.011939,0.069371
8,0.85,2,1,-0.370277,-0.453135,0.082858,0.250138
8,0.85,2,2,-0.508578,-0.501826,-0.006752,-0.035516
8,0.85,2,3,-0.532656,-0.565453,0.032797,0.128854
8,0.85,2,4,-0.901107,-0.940036,0.038929,0.130956
8,0.85,22,0,-0.76199,-0.656431,-0.105559,-0.061127
8,0.85,22,1,-4.605365,-5.031742,0.426377,0.073717
8,0.85,22,2,-4.806779,-5.11354,0.306761,0.071455
8,0.85,22,3,-7.784347,-7.661811,-0.122536,-0.015499
8,0.85,22,4,-9.88729,-9.867298,-0.019992,-0.001891
8,0.85,26,0,-1.709836,-1.769207,0.059371,0.016139
8,0.85,26,1,-8.129879,-8.869125,0.739246,0.119728
8,0.85,26,2,-7.514087,-8.174523,0.660436,0.128907
8,0.85,26,3,-12.079776,-11.885884,-0.193892,-0.023058
8,0.85,26,4,-15.520553,-15.482647,-0.037906,-0.003459
8,0.85,28,0,-1.973053,-2.253394,0.280341,0.054878
8,0.85,28,1,-10.960154,-11.932987,0.972833,0.144915
8,0.85,28,2,-10.198851,-11.223643,1.024792,0.168441
8,0.85,28,3,-15.717331,-15.664828,-0.052503,-0.005713
8,0.85,28,4,-20.270114,-20.400612,0.130498,0.011219
8,0.85,29,0,-1.486369,-2.062332,0.575963,0.097262
8,0.85,29,1,-12.695302,-13.724905,1.029603,0.143758
8,0.85,29,2,-11.042786,-12.573919,1.531133,0.22618
8,0.85,29,3,-18.644252,-18.817732,0.17348,0.017865
8,0.85,29,4,-24.363181,-24.784629,0.421448,0.034878
9,0.95,2,0,0.116076,0.096506,0.01957,0.114663
9,0.95,2,1,-0.374884,-0.450598,0.075714,0.227288
9,0.95,2,2,-0.506351,-0.505966,-0.000385,-0.002042
9,0.95,2,3,-0.533901,-0.57374,0.039839,0.157179
9,0.95,2,4,-0.902719,-0.948405,0.045686,0.154682
9,0.95,22,0,-0.814503,-0.709118,-0.105385,-0.061484
9,0.95,22,1,-4.681642,-4.974028,0.292386,0.052765
9,0.95,22,2,-4.902222,-5.227371,0.325149,0.078383
9,0.95,22,3,-7.808979,-7.673911,-0.135068,-0.01786
9,0.95,22,4,-9.922005,-9.867723,-0.054282,-0.005373
9,0.95,26,0,-1.763086,-1.875529,0.112443,0.030226
9,0.95,26,1,-8.254606,-8.732079,0.477473,0.080245
9,0.95,26,2,-7.622037,-8.349834,0.727797,0.145225
9,0.95,26,3,-12.104468,-11.856083,-0.248385,-0.030662
9,0.95,26,4,-15.547512,-15.418425,-0.129087,-0.012289
9,0.95,28,0,-1.963015,-2.381439,0.418424,0.080579
9,0.95,28,1,-11.12237,-11.748719,0.626349,0.096144
9,0.95,28,2,-10.215125,-11.473541,1.258416,0.209243
9,0.95,28,3,-15.685401,-15.55697,-0.128431,-0.01435
9,0.95,28,4,-20.237371,-20.221861,-0.01551,-0.001382
9,0.95,29,0,-1.459349,-2.207543,0.748194,0.124408
9,0.95,29,1,-12.904592,-13.523778,0.619186,0.088576
9,0.95,29,2,-11.059593,-12.789701,1.730108,0.258348
9,0.95,29,3,-18.627223,-18.708383,0.08116,0.008545
9,0.95,29,4,-24.368539,-24.559638,0.191099,0.016339
